person_id,value
C632336343,181.91.119.9
C1264712553,210.15.102.185
C1746846248,217.52.249.25
C333676753,47.105.134.128
C813403091,209.208.223.45
C2002954533,8.54.101.88
C813757373,218.53.117.207
C1850864812,181.39.59.119
C886849972,223.195.171.221
C390714641,210.61.8.137
C1514989792,199.189.94.210
C94444270,160.149.210.115
C513018655,167.241.243.56
C122114408,208.31.209.124
C1810046508,172.85.163.143
C1365498607,153.119.131.131
C12524561,131.149.174.91
C1564771551,148.28.32.30
C1346570604,58.106.248.15
C807101143,211.154.39.34
C346953986,56.109.131.204
C25552315,223.204.219.231
C200195468,214.90.230.249
C1576094043,110.132.7.37
C1512675672,214.137.58.29
C1286124147,161.102.63.220
C1953063740,202.30.20.82
C470767940,157.10.17.180
C709178804,21.22.67.16
C920671013,4.142.74.0
C633099116,121.210.78.239
C220437223,168.138.160.53
C1717919401,162.114.188.135
C1353964860,191.126.13.107
C1894828300,159.2.2.68
C544409289,204.146.181.152
C88319926,37.241.82.210
C893917810,52.124.9.51
C1405934398,160.193.32.142
C800760258,169.199.19.93
C484951468,166.153.43.146
C982073663,18.211.106.85
C1647129298,166.183.236.206
C2086229320,169.22.160.2
C315487150,207.142.156.68
C1235787929,22.238.54.144
C979213321,66.211.109.91
C1653380908,199.141.114.39
C1099535493,136.90.209.188
C2147063789,181.227.97.251
C237037918,206.14.45.163
C1496903190,148.191.200.217
C1051106607,197.241.178.141
C731717743,49.155.232.87
C1410677661,214.171.106.104
C677811242,215.163.210.107
C74556831,75.82.188.134
C41573174,203.110.176.139
C40966245,69.9.19.117
C40866646,129.65.172.20
C1321671140,204.197.13.4
C1322294401,76.38.150.224
C998029122,137.167.55.87
C710908433,34.153.93.66
C1977482177,41.50.246.2
C1345262134,204.18.203.166
C952906355,164.150.224.247
C174212239,201.201.13.102
C239144018,25.221.11.47
C1577059714,155.94.169.136
C1370498771,219.51.172.54
C1542135254,206.240.227.254
C923977418,192.117.132.27
C1009192782,193.214.223.62
C1418729422,19.228.195.76
C2029840344,104.59.61.38
C731563967,149.57.115.78
C1515172243,221.92.230.83
C1025174837,124.27.245.149
C1358412469,21.41.63.12
C1144246806,175.133.13.85
C583984242,74.252.44.121
C449334349,134.127.76.70
C1946500289,118.168.190.52
C2035379457,47.158.139.117
C2147246002,80.20.15.16
C1906310517,36.95.205.163
C1249789290,177.53.232.200
C1938448095,85.108.225.196
C508385511,215.159.140.90
C1013341637,130.141.120.49
C1408936980,149.231.228.203
C1363041822,146.230.132.201
C1359889730,49.214.195.21
C1270549119,223.205.216.188
C2051931889,115.49.72.9
C841098437,34.93.153.0
C1484852473,84.187.47.81
C2023654274,219.90.74.128
C928494081,204.147.59.140
C427005441,71.135.5.78
C1359417325,208.159.214.248
C2074796244,211.91.222.63
C1946350945,9.44.37.3
C1239333334,222.191.65.75
C1602089084,76.131.13.148
C102483840,43.223.39.41
C1483999363,67.188.200.198
C1477296233,5.44.36.117
C648700740,204.8.139.219
C1616958476,140.43.185.253
C1514420564,132.60.151.240
C1794179829,207.225.45.223
C1655583311,217.55.73.139
C1346718641,153.83.171.65
C1159198332,133.107.202.100
C804921125,53.198.114.173
C805028279,18.191.201.227
C1478451246,207.50.168.132
C1150179328,55.152.201.126
C605074781,222.115.195.122
C776744634,65.35.154.153
C42598404,200.204.202.32
C1260349918,177.4.68.129
C2018348964,24.72.144.82
C340149850,216.139.99.0
C1039276660,221.78.201.187
C942807624,157.192.158.20
C2121240346,159.214.146.92
C1560448195,207.190.50.216
C854642819,6.14.142.203
C459252785,178.17.212.47
C1309130238,190.98.205.172
C849509788,203.11.255.35
C683799433,76.167.2.168
C352220876,157.226.63.192
C887004112,196.198.34.67
C763671499,189.184.248.111
C211960157,156.62.225.153
C2126397003,178.207.124.162
C1935487738,208.42.38.154
C1471956423,214.106.27.105
C20748083,188.154.25.236
C315492035,117.188.16.193
C1191854830,167.126.136.163
C509952728,11.162.104.128
C1181005058,173.233.127.41
C1260935439,50.229.80.74
C773163139,181.233.107.73
C781839635,116.27.232.245
C1798880828,49.234.14.46
C1800243188,68.229.51.201
C1613457151,220.217.65.38
C280147801,220.123.209.1
C1535780730,166.100.65.11
C871652084,213.32.239.48
C1448380450,197.47.78.55
C1298433128,141.70.195.176
C1946777947,160.156.244.176
C1844580132,196.130.70.55
C1065363833,49.226.180.29
C303128054,91.46.160.100
C710925990,108.165.104.79
C548608193,106.254.245.17
C1568656506,119.176.205.173
C1626747046,145.210.115.180
C1482458700,202.174.155.124
C1169387535,144.204.74.36
C1507005727,218.237.28.8
C271216403,77.206.78.129
C1944531859,204.207.67.175
C443256575,114.38.30.175
C1367522019,36.49.182.236
C897923211,170.222.113.110
C1310500423,144.40.194.109
C354902759,210.150.99.106
C2131394246,213.116.181.42
C249200083,156.53.54.64
C1860449608,198.208.161.139
C2069695524,221.148.188.143
C72679323,160.50.149.99
C302440786,179.189.197.224
C1786701224,196.39.125.44
C109549101,216.234.199.245
C69372757,195.245.70.50
C1905061351,219.153.141.46
C283168237,190.128.139.159
C1730214975,90.120.106.234
C105766657,41.141.124.64
C510409191,187.189.250.243
C1536968899,80.95.194.17
C710617656,103.96.17.68
C2054628112,206.199.20.87
C542975894,104.53.100.14
C1553137068,161.226.142.124
C1600086058,130.173.57.97
C1357070438,169.10.15.64
C746348142,187.39.165.198
C432147162,172.59.8.54
C640064078,218.221.41.31
C1780541439,200.240.208.170
C756435736,169.138.237.214
C291493936,186.241.2.93
C559078087,206.49.213.80
C604541326,184.1.82.96
C290022912,82.218.226.33
C877593625,14.189.203.170
C1815651807,12.242.62.134
C1448400865,38.96.18.31
C40905611,85.4.63.204
C522950250,85.111.154.126
C1411102270,213.56.201.138
C1821641108,148.119.219.129
C1532316610,140.98.199.71
C558630256,37.117.21.160
C805432013,144.74.36.20
C362865724,221.185.176.235
C1013384637,18.143.164.143
C1086764372,182.66.104.203
C1692768606,84.81.105.21
C1227984431,71.244.144.50
C820447403,26.138.148.186
C789074715,89.240.161.209
C1064603430,196.252.172.23
C1405528965,20.113.166.43
C33175299,202.229.209.156
C467717543,218.122.129.234
C1675746664,204.189.255.255
C1830375097,202.30.20.82
C1461159159,220.184.152.61
C1982775599,150.158.86.105
C1292711577,71.218.183.52
C1963550118,207.61.173.4
C1259952556,195.42.111.198
C2146933874,16.17.138.189
C1480105448,107.150.105.62
C1503346721,148.201.217.26
C236635667,46.174.63.72
C409741973,89.130.249.97
C391871944,169.60.91.4
C244341744,70.242.41.118
C1450168978,149.232.253.0
C1452534624,90.120.241.39
C1828136324,162.74.172.56
C1982404838,107.111.9.87
C322617928,107.14.252.91
C776180615,201.145.179.225
C1916496762,223.204.219.231
C16708267,56.251.188.147
C1787501728,123.173.245.177
C590272894,132.160.156.248
C1598042404,200.86.42.72
C240218607,154.126.122.251
C400990872,218.141.155.152
C662980180,96.94.63.220
C1117122966,17.245.8.24
C1769987336,123.46.25.183
C1019120294,51.218.138.227
C1826659400,35.34.80.172
C571901331,80.95.165.232
C1902615133,150.127.41.105
C229481481,198.140.173.220
C979315962,100.215.67.64
C1832568799,202.229.209.156
C1500999280,156.151.79.160
C583270541,210.19.99.245
C775199672,214.216.45.37
C1936578603,105.3.32.226
C1619280891,107.141.69.239
C1699211236,179.18.118.101
C948008517,213.32.239.48
C1549828854,193.119.249.57
C1484287258,202.199.85.109
C1219933393,128.207.70.118
C2036462106,196.79.66.62
C1877480943,99.39.191.207
C329671918,43.83.210.84
C1382737049,167.144.121.238
C2019927907,22.63.57.45
C1204432983,218.185.157.14
C98762391,213.43.222.239
C872308387,116.81.23.37
C727477811,219.205.87.156
C1773649560,193.6.27.173
C542988410,208.166.136.7
C1623560754,135.132.55.207
C1817780317,110.181.46.116
C1512711427,137.54.176.249
C1816231296,205.122.170.237
C483691061,23.90.254.46
C1613083227,191.7.219.17
C827453658,80.83.183.28
C1194602188,211.181.73.194
C1814014154,183.138.26.88
C1576282858,193.35.55.193
C80009629,195.158.59.221
C1589115167,217.157.116.172
C264592116,139.175.8.153
C1146107700,183.3.30.144
C335626674,141.39.52.37
C1503656322,24.59.84.137
C1058293025,199.1.60.57
C839531987,109.77.243.182
C1673909196,179.104.241.32
C389791845,214.236.31.26
C1343366442,160.230.7.193
C435002653,115.225.174.28
C1431131974,143.183.38.29
C1949030828,98.203.48.107
C525764198,205.141.145.140
C1980355330,159.142.214.46
C1765538372,215.43.102.143
C463410784,214.105.159.71
C1935530674,36.191.229.190
C1331486159,175.170.58.113
C1732789610,59.142.75.18
C1538904718,70.206.142.246
C1544323607,208.249.153.140
C641130643,121.135.184.28
C1581127881,50.83.243.149
C1089649936,217.60.249.181
C1383263848,13.197.66.227
C991371830,97.36.58.204
C1820719608,173.170.109.208
C1774537867,138.21.179.54
C402396374,204.47.211.43
C951531132,17.230.195.168
C2022978153,215.51.254.172
C345630943,70.32.38.219
C1315518253,139.108.14.239
C1803002069,131.216.239.220
C625476444,135.224.56.36
C1255646682,137.20.117.15
C857906147,152.79.100.163
C456511156,86.92.236.80
C1598086365,68.238.214.5
C786231804,198.118.111.236
C446239502,47.30.4.211
C1082836606,143.176.237.180
C1909053668,201.147.236.71
C883888639,79.189.116.46
C456410025,59.229.37.237
C893629182,200.189.148.27
C1861550756,53.7.155.182
C411554883,29.39.139.50
C1362472090,160.196.76.243
C1239955812,85.108.225.196
C2138549198,207.216.85.49
C2068139505,126.148.45.83
C956148525,12.107.28.109
C1750384848,174.234.137.189
C1367135749,187.189.147.116
C324615636,189.29.239.217
C507398461,172.206.132.219
C1841108322,216.2.9.138
C284456399,210.172.190.195
C2030381661,54.8.235.1
C1947833123,208.218.230.246
C1544023267,92.1.118.100
C730391328,157.196.146.94
C916767038,222.131.173.183
C2030604385,150.69.160.182
C148953922,17.196.53.215
C988195365,211.133.232.251
C215824393,217.4.253.208
C587377409,188.8.241.230
C1047250699,177.155.91.228
C210431435,172.123.115.77
C115263387,137.50.197.179
C1665011228,172.181.3.197
C1443582114,49.15.135.168
C1119448553,198.220.77.92
C989033255,146.67.15.156
C1894384509,190.68.187.155
C1126614111,173.47.135.46
C959831541,161.191.188.146
C1014445701,75.138.195.226
C481112045,177.56.76.54
C830049833,200.253.191.10
C1842245528,120.232.23.1
C1596240999,192.28.214.175
C558123424,131.249.252.45
C499084371,202.237.47.111
C527121410,142.187.142.77
C2040030406,183.27.21.164
C691065771,211.154.39.34
C1592315590,71.244.144.50
C1223700231,75.96.1.85
C1548427609,146.50.0.83
C334779941,221.238.125.172
C1094243292,209.41.201.153
C1468489255,209.231.137.194
C121673706,202.30.20.82
C1110105400,178.204.33.236
C205926264,220.232.70.55
C245485620,77.22.143.37
C651351828,22.59.82.55
C1906253970,123.12.75.235
C1627221278,190.41.12.121
C1313758558,141.196.108.67
C42312626,25.42.245.104
C1892790152,160.66.184.68
C963189208,105.205.124.3
C1362561820,140.116.174.229
C943906045,49.34.133.94
C1350030880,219.57.32.232
C1248291605,110.158.194.242
C1807268726,201.174.74.196
C1991141405,223.236.166.188
C758975164,183.56.132.114
C904657322,216.12.225.236
C1979501645,223.204.219.231
C325311902,165.102.1.182
C1182820380,209.211.92.176
C877834987,14.248.207.210
C121617064,213.5.142.25
C1832242886,148.16.102.183
C615984420,92.243.141.234
C710378611,132.28.202.37
C609387891,48.65.182.241
C747251675,77.182.149.0
C977212251,182.109.102.165
C101554713,11.180.158.10
C447146159,147.147.154.240
C248360713,99.144.197.43
C1564902645,194.56.112.214
C2144691964,217.254.210.55
C2070002745,111.11.202.52
C1299995578,195.92.68.177
C957587875,23.27.35.196
C36185976,188.96.68.229
C902519236,26.32.223.126
C2113946113,220.159.223.207
C1332049776,153.83.171.65
C1975067906,213.32.239.48
C1950011604,140.108.231.4
C1185590750,28.209.7.32
C1873356357,12.98.155.3
C954473044,39.17.224.85
C1444613651,200.76.224.194
C1492365071,50.221.179.172
C141646271,68.120.216.153
C894616067,9.173.207.31
C25554543,213.249.223.124
C2081894246,33.86.180.70
C981606624,219.138.44.153
C1928538947,205.62.145.145
C1327273607,39.27.106.118
C1702795050,98.171.35.222
C871049945,202.62.76.46
C1473474111,81.245.41.59
C1813715779,15.138.228.125
C590825815,174.149.172.164
C1960897990,180.5.217.39
C1799708023,85.108.225.196
C38777806,133.204.81.207
C1425980682,179.185.2.213
C1630913283,172.160.98.83
C204837053,185.143.73.167
C1459471804,64.170.70.173
C1804644264,208.16.127.212
C581092628,82.12.54.133
C1033179241,160.183.117.167
C51713258,91.206.250.121
C1012444574,136.181.76.212
C1429344237,45.23.247.125
C1354365880,196.199.70.254
C935830942,60.138.10.116
C679835635,137.173.53.97
C1994740718,211.248.64.202
C1159397263,114.182.113.95
C41281472,90.217.147.111
C2045288691,200.75.19.133
C654007684,200.144.179.37
C687205356,194.28.194.41
C362808071,104.27.227.180
C133176430,191.44.47.17
C1173615080,25.55.129.243
C1024549765,197.23.18.41
C166446075,216.184.81.26
C820264689,199.14.42.8
C30171635,203.112.35.37
C470143903,212.227.100.93
C487812799,34.190.241.136
C1434018911,100.153.42.86
C1831036283,219.50.104.167
C1976238602,164.4.70.209
C171710026,135.189.56.110
C2111405403,145.19.43.238
C1607635931,212.0.224.230
C110048837,187.208.214.8
C498744194,85.164.133.54
C1600631464,160.176.159.1
C1228793560,47.249.100.63
C981409446,46.67.209.48
C1133286126,183.122.32.92
C859180153,219.8.197.27
C173650238,160.108.71.32
C974160097,188.176.228.128
C716006124,201.242.62.15
C1161563257,166.209.73.59
C984183367,214.219.61.219
C211548782,91.230.193.247
C452328676,151.242.74.206
C1272954468,97.165.183.171
C205094671,103.202.6.96
C2103095274,160.135.229.72
C902469108,216.2.171.179
C475092059,164.167.29.160
C911386330,28.163.119.242
C970996326,140.77.132.3
C343462036,201.227.48.16
C757911593,94.9.51.72
C347970069,171.202.48.2
C208207382,84.213.109.113
C567856792,214.172.203.83
C1408894524,221.252.7.89
C561085588,149.240.53.179
C26798809,211.115.244.49
C317896838,202.200.87.237
C1438120296,216.37.217.136
C1128647304,148.201.77.208
C2111535698,140.91.205.61
C1367953979,217.1.79.158
C713164662,130.209.46.169
C585438732,217.164.151.40
C1578615855,223.226.145.49
C764727602,206.205.4.51
C1459453955,151.141.186.36
C1935842028,169.207.66.168
C1236972535,165.137.179.110
C1398270489,159.90.153.79
C1798524768,95.174.114.180
C1482622089,196.103.72.187
C2140826890,128.125.197.23
C1891624473,77.44.248.249
C1700308663,194.92.18.216
C1909470620,176.235.200.243
C1386679879,213.234.10.48
C2118989260,215.106.129.14
C1459123422,210.129.168.22
C494742384,58.189.247.232
C46021971,165.134.59.104
C427769346,194.73.48.130
C502532257,192.212.128.229
C788347695,223.139.101.187
C1572564959,101.96.208.178
C1634722951,135.233.250.126
C728984460,186.132.8.176
C1199356949,165.228.89.162
C33627542,83.118.169.220
C1466302771,166.165.240.235
C70208605,123.177.210.122
C875553654,223.35.175.83
C653116043,53.99.0.45
C1054904549,190.222.50.242
C1958989962,217.167.146.121
C1708887366,207.214.197.55
C1004455679,204.214.127.107
C1166700920,51.218.138.227
C870036720,65.37.41.40
C1470234114,31.53.98.62
C299881200,155.228.123.37
C182949497,185.14.140.133
C76280739,13.183.44.50
C916536135,83.223.183.1
C1533282587,71.244.144.50
C1485400045,173.72.40.205
C259671510,137.89.189.133
C898361720,189.25.66.217
C1863138315,160.143.234.214
C579633837,219.26.66.93
C1505174831,197.107.90.138
C1371482499,50.74.191.185
C661691277,150.57.164.53
C304716041,126.96.190.98
C1139500340,200.18.255.4
C566195854,145.153.83.149
C894234207,145.103.189.39
C671179936,190.98.117.141
C1492200662,213.193.33.11
C750708306,20.169.32.42
C1896972824,67.250.21.161
C613045705,52.229.232.251
C523286269,88.92.53.212
C675329792,156.78.30.111
C1160035148,182.223.122.78
C418934561,115.251.40.99
C534811552,123.182.27.127
C1118045065,115.238.225.158
C270984175,202.251.27.34
C1439410529,141.205.228.57
C1967837001,161.25.232.66
C350778798,194.156.1.23
C1062669905,213.91.153.190
C1821052251,88.155.57.97
C1937977255,166.166.50.246
C184978226,129.180.20.165
C2104577065,223.80.81.39
C867225445,217.200.239.236
C1817594771,150.124.130.7
C1268926862,135.122.184.211
C934980411,4.197.63.92
C1642074775,45.147.141.74
C1697846408,26.162.77.30
C994905923,210.141.62.118
C480642841,195.245.43.141
C1213288489,185.58.114.66
C1445108729,147.17.158.37
C1292696100,98.6.35.170
C1625306007,174.109.157.51
C1799388629,156.132.92.145
C2003401620,173.25.137.72
C616396980,203.83.116.144
C1198033300,206.212.187.120
C1522624119,220.244.234.1
C1674220591,222.141.34.46
C1805204516,174.103.3.245
C1901405112,15.182.230.233
C1932307302,69.10.71.204
C1000534589,216.73.5.138
C1124340886,219.226.44.235
C1269549720,50.160.121.32
C1489619205,75.162.131.107
C395334853,169.92.93.166
C1871486543,187.27.0.174
C511079042,212.82.126.246
C1591734462,201.203.157.80
C655259291,90.244.232.245
C492145062,217.123.174.62
C1641518900,83.238.163.227
C1648985450,218.118.156.78
C1448383087,202.179.185.53
C401849338,221.77.215.132
C1752155530,195.220.50.204
C1652492723,155.137.101.113
C108625566,162.96.154.72
C165448240,192.82.241.36
C812087967,75.22.233.215
C1453638924,59.77.32.124
C1030982332,13.61.30.73
C628907717,201.156.30.102
C192549839,153.153.108.49
C788384452,91.197.168.234
C1118649506,17.166.203.182
C313716075,186.15.104.8
C1142119330,136.169.116.53
C1820261015,34.141.208.228
C145038503,113.69.204.128
C1024543717,193.14.172.208
C511771034,220.16.205.177
C1300892613,4.2.175.153
C1596282278,84.123.212.168
C1269632250,202.233.43.227
C1251364898,2.213.28.174
C121817565,48.209.213.121
C196248895,207.129.198.6
C1020073805,49.40.44.57
C1062230392,63.252.55.182
C442037163,45.0.13.143
C515240582,53.195.1.73
C945692515,87.150.140.116
C1788614688,25.165.241.185
C1840732362,221.212.241.65
C227116382,208.212.59.20
C1834494460,124.20.49.219
C199980701,185.2.238.0
C445652269,219.40.18.74
C903082377,54.8.235.1
C1840226881,156.217.4.169
C1294900585,205.218.136.3
C167833503,220.102.155.210
C1717728486,212.52.24.132
C59366354,160.96.10.178
C1200962164,140.139.55.179
C1087394387,95.227.132.145
C200496008,26.171.216.78
C1281462640,204.169.19.233
C473249,28.209.7.32
C1045725830,142.27.253.115
C896462880,33.194.126.103
C1675116464,115.93.109.80
C50169804,217.219.156.167
C688981659,172.189.70.200
C1319985290,107.108.165.137
C1851313644,183.21.215.15
C665779203,86.184.92.226
C1191553018,213.189.73.90
C41511043,213.32.239.48
C19697526,185.183.134.1
C67394878,216.12.26.187
C668120831,72.22.133.178
C1758604709,70.161.86.220
C1640757397,123.201.243.165
C1004323901,86.35.241.85
C802308514,152.181.48.89
C94717409,41.18.237.59
C1379962851,55.218.122.67
C36869063,129.187.252.21
C985998797,180.67.105.143
C307914892,154.83.12.46
C380101107,137.167.55.87
C168299926,148.3.82.220
C1092982137,124.2.180.41
C883754077,55.81.184.42
C1669206046,167.246.195.12
C1432708869,108.241.245.11
C1370706962,104.72.167.174
C773890759,5.78.109.4
C1142296372,28.9.201.127
C810795179,72.77.124.140
C457666452,13.126.102.2
C285171535,220.113.156.219
C83729894,120.213.147.175
C1870328268,198.68.85.24
C957819774,49.139.27.21
C592717547,213.101.158.151
C627189974,203.206.97.5
C1872437296,124.76.89.217
C896087078,89.179.66.151
C1539574479,177.215.148.81
C278763950,109.81.254.198
C642273110,23.131.144.150
C2059242821,171.84.206.119
C1044355910,162.137.213.139
C879712064,190.249.152.79
C60259605,85.108.225.196
C392841400,157.229.213.4
C154378100,149.149.219.212
C784613597,85.108.225.196
C1658890198,183.55.234.29
C406664920,201.155.106.44
C959228057,137.44.224.48
C458075458,25.73.214.28
C601928063,206.140.64.139
C108039681,65.160.11.87
C1910475638,199.120.234.242
C2060474343,12.226.86.46
C1453424266,200.136.68.125
C1147409263,193.82.148.181
C854360636,217.154.2.40
C1201871207,221.220.1.231
C1667997799,209.12.128.162
C2033442741,151.253.178.233
C202123995,40.243.113.128
C808583035,167.142.115.2
C39227554,135.130.3.107
C1882428815,140.34.177.154
C1552100559,144.66.96.8
C398459762,69.121.132.96
C1837896609,207.75.81.253
C614791379,36.13.204.107
C1678529366,163.114.16.106
C558702268,110.157.114.131
C293743581,177.167.240.177
C558444055,209.3.196.167
C818773827,217.172.180.34
C564448794,211.214.11.177
C1926205323,30.201.251.224
C579164608,4.1.141.196
C385638241,205.110.129.163
C216569101,220.126.12.174
C780009839,18.167.58.247
C1368498109,133.67.203.242
C1939616264,208.161.142.28
C2099737035,47.126.47.98
C964830679,81.85.215.144
C1109607486,211.66.106.118
C458507841,167.67.27.25
C137019624,186.129.118.11
C1034543125,183.0.151.205
C612203719,173.246.119.10
C347409275,194.205.92.56
C1081093934,206.141.209.37
C1641485734,169.180.39.109
C349726295,32.96.154.215
C978035840,137.167.55.87
C750884671,204.44.53.182
C1877273944,113.215.116.172
C1509605882,221.247.92.68
C334884897,188.146.163.89
C1314542502,208.152.239.40
C651246927,193.65.233.95
C632994665,212.161.119.38
C1005296496,212.72.246.135
C1669216447,204.2.251.84
C1243399317,140.51.91.76
C1514303658,197.117.107.145
C264003898,192.4.117.207
C523646934,195.180.243.246
C1887192166,44.118.108.69
C588416504,207.248.238.240
C1562067855,216.27.126.177
C1903548887,153.83.171.65
C732831913,223.125.110.36
C1288615779,198.23.77.118
C1821992014,202.229.209.156
C1095343535,218.132.5.184
C2057364305,69.163.172.151
C1709803141,193.122.233.117
C507775792,161.146.217.215
C395469963,207.126.232.192
C535214432,92.221.20.227
C1324311499,187.60.188.153
C1765893501,189.6.31.103
C2086757543,83.73.178.195
C2090666983,67.94.155.233
C1245038685,220.51.70.224
C840431745,174.134.54.135
C1320862972,194.40.29.176
C1970568724,171.61.64.156
C140592559,165.123.26.130
C18084530,41.163.35.39
C1292484867,211.154.39.34
C858916941,74.211.53.171
C1314893321,214.88.102.74
C199462152,36.75.87.81
C1913454732,184.236.116.176
C1444068801,89.197.72.255
C1488806132,200.138.41.22
C452428210,135.62.9.46
C1407544116,185.1.149.10
C1461269339,74.142.99.102
C1074120451,189.14.29.75
C2019263230,51.221.231.236
C378976406,160.105.168.69
C1956541823,161.58.19.19
C388357689,133.183.139.171
C1522458302,223.19.243.82
C1848731196,222.82.118.146
C984172917,222.19.82.45
C2059139111,132.146.169.102
C217746975,194.23.174.19
C1003211025,115.73.214.5
C567597183,62.118.168.131
C631013381,135.184.148.34
C1345922936,131.114.128.129
C1060990518,184.243.136.12
C1853271632,198.4.26.244
C1907642923,216.167.207.133
C2086059441,49.128.229.43
C1839111225,95.40.3.189
C1038592270,199.66.26.198
C1045085010,208.244.230.180
C547409195,220.252.46.94
C1639897194,195.141.55.51
C99387395,141.26.161.123
C1901455242,141.242.10.42
C396820290,154.200.49.188
C560588574,222.215.151.127
C1906223365,207.78.124.215
C2107765816,203.16.251.201
C1226115543,197.157.126.108
C496549093,156.145.56.44
C1344330814,82.83.108.46
C2109630289,183.21.88.153
C487932671,201.234.213.79
C756624311,38.211.107.45
C1119085931,120.38.201.77
C1430728693,137.167.55.87
C1658184682,109.122.224.110
C436600151,142.172.100.39
C1365341048,208.94.14.216
C927150222,149.201.10.96
C1152225986,34.116.208.162
C858080310,155.174.58.47
C1804484870,33.209.95.185
C334932686,67.225.214.87
C2103989054,97.78.208.199
C709561219,192.131.68.173
C794686743,50.26.148.204
C338859264,222.255.12.212
C153833710,199.141.114.39
C1456885052,185.55.104.171
C1846874820,150.174.219.238
C1841646172,203.138.179.145
C785850729,172.32.39.122
C1441025281,219.22.198.142
C956971439,71.244.144.50
C1399725206,192.213.41.91
C1715419783,203.115.233.152
C268444906,35.251.222.144
C350045818,202.231.179.252
C379284011,2.141.42.131
C366743640,222.64.31.167
C1002270002,199.141.114.39
C1407362898,136.185.69.160
C1775532284,172.143.10.159
C650735775,17.37.196.104
C1558902064,139.27.249.29
C458489810,206.88.249.174
C188366207,23.18.141.82
C504491854,158.193.72.176
C585420440,214.182.22.162
C154974434,204.29.251.40
C1084516051,181.160.67.28
C1868180968,115.210.172.230
C1852373476,132.95.97.219
C2055120401,179.152.118.243
C432817092,33.159.35.214
C1211863976,41.126.128.192
C1572576222,102.85.133.80
C1755683034,113.69.204.128
C1065025242,159.242.251.124
C1458646977,88.225.25.205
C641237352,203.224.129.176
C1527684537,145.108.251.104
C738720417,145.91.206.120
C1172260017,213.255.18.86
C1440354231,147.121.240.167
C288547124,192.74.173.7
C1136501547,206.5.42.54
C1086172194,126.225.233.117
C278838396,206.120.250.74
C225893240,223.62.17.167
C1294258064,220.102.155.210
C1597731055,72.248.60.251
C1707711725,220.102.155.210
C1032252113,188.109.105.176
C770759311,80.162.248.170
C56983205,111.194.231.110
C958943273,207.198.124.116
C1564964192,197.124.44.81
C298596995,193.67.229.224
C379200795,148.207.172.21
C1064006470,198.235.55.162
C57257260,196.153.158.79
C1836072651,203.61.219.35
C1322772763,130.176.99.251
C1260966588,223.162.123.230
C2063447232,202.77.244.2
C1334090153,55.78.221.235
C714917940,128.85.66.66
C1713210844,197.39.119.203
C978565699,187.199.35.10
C1541188548,211.158.0.165
C790725196,175.128.118.213
C1040877864,205.82.135.67
C844542075,215.27.57.202
C59460146,81.29.74.216
C562694063,211.226.127.178
C1834485422,131.65.166.113
C1605391959,34.249.125.162
C221243371,156.218.41.66
C604038141,165.29.144.114
C368337429,213.57.197.96
C152292451,205.182.112.149
C1488994439,97.132.67.108
C1851948615,202.196.121.109
C1581692143,145.6.89.244
C1450772703,148.106.187.203
C71211462,105.25.192.230
C555990868,211.154.39.34
C541962587,14.210.112.39
C16824728,145.91.206.120
C1679430531,144.225.17.50
C372798597,4.127.96.96
C518649502,179.93.139.249
C2025301443,82.191.184.55
C2027592293,221.202.60.24
C326080081,205.143.39.250
C305235319,205.162.14.215
C1941110211,211.254.195.138
C186072862,49.112.53.111
C1011274604,191.48.43.7
C841429650,199.230.150.195
C2084843873,184.97.193.178
C675118553,98.239.28.219
C218061889,193.95.77.122
C1525354018,38.181.195.150
C674595914,207.168.199.221
C732385919,209.44.211.32
C1149610487,81.236.159.14
C168225911,97.164.18.107
C965216175,26.62.26.186
C2005307714,156.78.43.217
C4670180,187.81.247.69
C728404974,166.169.0.188
C344245881,198.245.21.174
C1995296798,194.24.175.44
C732900584,221.141.121.108
C1089215729,202.30.20.82
C341182944,150.99.28.245
C1240494139,38.29.120.137
C1786681072,23.85.17.31
C1918369566,75.201.85.24
C871690794,213.128.46.111
C1761309138,217.107.92.100
C1972471935,170.145.73.138
C2008241545,203.81.123.172
C1460561660,2.60.253.19
C393438583,212.255.57.24
C2144516659,199.38.87.23
C1496341571,172.218.231.187
C2116937137,219.118.94.84
C632843610,197.207.202.208
C1212410895,15.122.121.86
C570637504,207.16.85.32
C808684378,64.162.164.21
C971524107,190.249.193.62
C834976624,146.248.76.125
M215391829,109.76.92.2
C1607284477,170.99.44.172
C1564353608,204.159.248.76
C1091768874,54.243.198.164
M290849763,205.153.241.99
C823291717,72.54.83.196
C618657299,154.35.7.92
M623175144,162.190.226.24
C366360355,212.191.46.200
C409578677,206.242.78.124
C379896225,205.171.85.165
C1302281681,201.101.25.116
C705120650,80.143.140.127
M487081598,19.26.63.216
M969218364,147.43.189.147
C579157353,187.99.64.73
C718731643,176.61.52.58
C1178934515,110.66.234.182
C1531623971,194.18.122.28
C526046232,102.217.209.54
C75671301,166.232.223.146
C786997986,156.150.176.136
C1308477441,70.240.216.124
M1330826048,11.95.146.55
C1885613878,132.67.173.254
C212080696,220.244.254.109
C598132143,208.117.210.97
C1163988187,98.50.221.232
C1418884586,37.200.238.74
M2117267163,154.196.24.218
M1751641542,219.210.206.116
C645140627,211.211.77.188
M1059671726,174.165.86.213
C1975390043,70.220.122.135
C956338890,154.16.80.234
C1971781194,214.154.254.197
C1327824794,208.61.217.245
M839389189,213.143.55.112
C358043414,23.218.128.148
M1504624467,159.121.26.86
C1216254870,144.204.74.36
C1714837024,65.170.175.170
C1654662784,195.133.16.100
M1717055694,198.11.126.196
M1043686153,44.236.20.215
C787242927,218.219.171.57
M77882578,195.72.29.187
M933507080,21.22.67.16
C1021587874,9.152.61.37
C95318372,152.196.190.166
M946866772,101.35.81.37
M1348761534,73.118.22.114
C148906605,156.110.196.188
C704312950,2.112.9.76
C788874634,3.132.150.102
M1951402325,32.222.68.37
C860929789,117.215.19.231
M1653653617,194.87.202.62
M182944108,96.20.113.219
M533921438,198.94.114.57
C160609026,187.254.179.214
C1563899518,147.3.174.55
C508488713,39.96.166.131
C1554823726,146.221.164.201
M1183610480,73.124.74.233
C1084012188,206.174.162.20
M1265795703,220.1.36.162
M1684201690,136.112.163.230
M1955312313,184.65.25.21
M301320628,81.141.192.79
C1938475526,221.212.206.119
C779506402,207.20.131.188
C1015529677,191.2.13.200
M1996394103,111.177.199.80
C2142547587,197.237.148.70
C914957636,200.233.31.253
M849428673,173.77.27.150
C1337597412,21.22.67.16
C1995332832,85.219.87.19
C87426661,195.161.215.153
C408688303,147.29.246.27
C1477190619,178.209.197.250
C748382555,162.105.31.27
M1250735899,175.198.207.95
C1034690288,177.140.74.43
C809795627,124.118.100.0
M870078784,210.170.74.243
M1022031461,49.173.249.254
M956027336,126.160.135.248
M1942028884,177.65.42.33
C1403087041,161.103.126.96
C1761313958,175.90.188.2
M1124177815,129.198.114.110
M743266449,65.63.238.7
M2079068430,184.161.28.5
C1097907228,105.100.3.172
C170358894,78.129.241.216
M210283336,28.177.119.174
M981647331,223.180.255.33
C106303416,212.20.151.9
M369555754,3.167.125.45
C685696333,183.19.120.185
C1961399086,54.8.235.1
C34949923,51.218.138.227
M1756029493,211.247.242.59
M926772394,53.199.93.220
C1151286694,140.39.106.116
M1819638608,147.192.7.188
M157710685,34.238.33.7
C2085899258,219.98.16.219
C792102955,192.72.244.160
C99867722,85.108.225.196
M976098062,139.122.116.22
M1530543057,168.78.64.197
C1643218906,70.231.226.86
M1348049534,220.185.27.238
M118328816,134.77.13.244
M1595492079,205.250.115.198
C1689033792,102.70.143.4
C1782776914,188.102.21.220
C102218247,199.167.197.93
C261821285,222.144.244.199
C897735701,195.222.235.159
C174532841,141.61.81.8
M906983781,183.39.58.94
C1990457749,196.62.199.68
C1478898162,83.51.203.202
M300922993,90.195.181.255
M702530586,28.209.7.32
C1875697706,202.123.201.87
C903132886,167.83.157.27
M1003264751,123.206.71.13
C41102216,223.63.26.254
C1489116061,111.15.242.77
M400743766,47.239.47.162
C1676533255,99.123.159.36
C1891518808,133.254.237.61
M1530234511,214.97.54.180
C1724208100,36.17.68.217
C700950869,64.154.120.39
C651806736,21.240.87.15
M1298362179,189.14.132.157
C145807878,218.220.188.6
C1394009782,215.57.141.55
M1882783306,41.55.14.81
C1996805903,144.204.74.36
M1471767414,144.171.134.10
M1610300123,206.191.81.176
C1109678983,192.36.202.209
M716959429,39.162.100.90
C1957675734,72.0.81.12
M227579288,143.57.171.196
M1295606785,221.123.203.149
C262891082,155.105.181.219
M888843538,155.162.37.49
C1886475823,197.1.88.65
C353782565,193.206.92.109
M1230436756,21.251.175.49
M563268470,67.146.100.238
C1515536749,52.105.45.128
C822214416,59.91.12.104
C472295300,221.111.58.249
M1953778756,152.239.39.164
C1073161843,212.11.75.157
C410567421,23.57.220.250
M1177905091,206.212.146.129
C1384939011,97.244.245.139
C892045919,160.49.70.102
C1737895165,210.234.119.229
C1786396642,94.53.243.232
C179208025,113.69.204.128
C136356616,211.14.136.7
M961418448,185.78.207.72
C907487997,44.35.3.218
C2073353441,191.170.87.23
C1264872013,40.147.110.178
C271588719,95.177.217.90
C237467600,207.222.151.246
C980072701,190.56.12.180
C2058567676,197.58.148.112
C57541900,207.156.40.88
C27127579,181.243.231.29
C463376666,134.131.200.55
C1335226346,162.184.214.21
C1895269207,160.221.116.19
C1880058411,22.115.187.37
C1665448501,9.166.130.205
M1313111844,177.192.188.227
C1117382784,153.142.177.48
C2146730126,50.49.59.56
C280794150,173.250.10.77
M1449664957,162.74.33.44
C1383678621,213.15.100.223
M1309446387,173.55.253.92
C550754064,22.24.88.188
C2059762056,196.160.120.150
C1908106443,209.208.177.15
C71562765,59.211.252.159
M848116774,201.155.210.140
C352607904,173.113.106.59
M2113537778,91.1.191.195
C2002792683,202.229.209.156
C1728460906,147.0.7.135
C2146875526,211.33.50.19
C381600260,198.135.203.194
C1575083932,148.253.243.0
C158242145,214.229.158.11
C814784749,156.49.182.163
C453039491,173.52.187.78
C968695097,100.36.183.212
M8961529,152.94.200.122
C94238070,184.162.112.235
M1131873222,180.69.205.40
M1646382835,180.137.159.72
M703071544,165.55.222.119
C533887341,208.57.26.231
C615345603,5.171.143.231
C97617767,221.123.141.129
C1122394266,133.129.6.92
C743500120,211.97.255.165
M184735125,175.238.212.198
C1881669628,213.132.54.228
C1727221386,139.48.128.169
M1933926398,160.24.192.210
C1373973293,217.209.149.112
C726198580,195.205.96.163
C256865139,36.48.242.6
M1991416,195.114.129.67
C327341526,123.20.190.255
M1309930156,146.185.169.51
C265777076,193.189.56.132
M1695671000,216.123.132.72
C974768731,205.20.134.227
M1527627185,223.191.176.224
M1374852383,112.133.20.186
C1121802556,210.51.191.125
M698251819,206.82.7.116
C1904483493,136.41.78.210
C2136570309,180.82.74.202
C1300578648,11.195.233.16
C922807181,149.165.222.114
C1755130739,177.123.150.201
M1662786733,54.8.235.1
C1210180003,157.188.57.29
C58016175,213.6.34.209
M2030050716,129.128.79.73
C1377074488,77.140.144.87
M1911445805,220.190.98.55
C850683997,75.66.78.131
C274824257,194.68.199.164
C1378537795,155.126.201.86
C580319947,31.27.144.38
M300081380,151.55.221.60
M317737019,132.26.117.118
C1939378466,223.133.173.24
C407792911,130.193.15.61
M2011269895,197.81.174.80
C193625667,166.61.244.231
C1698289399,187.161.148.20
C538113947,91.224.209.104
C61031593,134.183.11.106
C45958213,186.42.145.201
M1629378206,183.209.177.30
C1622552473,37.127.210.106
C545660061,113.69.204.128
C1234632255,29.216.68.49
C1514199309,196.47.100.80
C1837241611,2.91.150.144
C1293949664,187.172.218.106
C1939084847,99.187.84.212
M1435742536,185.163.72.40
C1891826460,206.42.174.236
C644421104,191.216.161.204
M2080924806,193.2.140.184
M17092044,199.54.50.249
M830219798,1.152.137.211
C1905045732,74.161.111.180
C1664754826,206.230.199.171
C1440200379,221.24.157.36
C2074710753,58.186.113.241
C1631252583,180.48.221.57
C773052859,84.43.87.205
C2085820540,157.169.128.190
C1790242902,202.30.20.82
M1625741812,187.234.117.30
M1798263689,148.51.107.171
M610095315,172.236.132.106
C1362782214,41.70.72.45
C539360430,72.230.41.198
C1798276972,199.53.113.142
M364965509,129.92.131.151
M897474644,173.140.228.177
C1702939487,188.243.14.150
M1072291811,138.163.217.145
C559367869,152.27.14.167
M1768343139,124.254.6.149
C761150919,192.59.44.126
M1816242792,221.233.72.165
C1512413377,222.144.12.66
M1243910048,173.169.61.30
M741336750,196.106.187.46
C1475593328,220.102.155.210
C1512228906,53.161.124.125
C277058199,139.227.118.44
C663360097,183.71.122.21
M1177544744,80.153.253.217
M633940431,222.141.113.60
C689421716,60.11.53.226
C1917869329,30.232.183.219
C859222722,150.232.168.143
C1060552727,209.132.142.91
C812068864,135.241.82.211
M1967390182,216.245.54.49
C1340912150,106.57.219.183
C1338973810,71.244.144.50
M750457778,219.126.245.36
C1386681141,183.120.109.220
C1175208170,130.171.177.241
C1265009796,132.252.185.231
C1152204188,143.32.53.42
M628249863,206.37.141.88
C382073873,51.218.138.227
C613128565,156.71.190.150
M1631103685,205.61.173.221
C786631574,112.230.70.237
M853666510,122.170.228.160
C366268744,42.102.66.15
C845738361,33.150.116.8
C696129952,90.197.136.205
M643846034,211.104.131.21
C188307334,203.128.6.52
M1929470346,73.150.84.149
M1998016541,83.68.233.109
C1632482295,208.115.178.28
M1324449999,213.35.65.30
C1167066016,221.27.66.234
C1915028592,107.185.249.150
C242522092,214.168.86.5
C1795342784,184.116.198.254
C1892867454,90.237.13.241
C1346317033,67.222.97.124
C1289700186,91.141.43.83
C1683549373,51.218.138.227
C2054033195,145.207.253.231
C1894379581,200.220.252.2
C1636809566,199.159.116.166
C381329398,157.27.176.203
C272283941,38.196.35.12
M34592661,88.2.101.21
C939322176,214.115.216.40
C662936276,16.168.243.248
C507662577,181.188.126.60
C289827146,82.51.41.42
C265311387,168.243.131.214
M1667812216,54.8.235.1
C1219369531,16.254.91.111
C1188470325,97.99.169.66
C2104590009,96.156.74.220
C817067859,153.83.171.65
M1900051947,206.11.33.238
C478451650,154.243.11.125
C1308018080,28.209.7.32
C1027773814,197.96.95.42
M1145370021,111.243.242.55
M2143644128,157.132.159.0
M1901970472,34.95.29.170
C1740265449,207.205.232.191
C1550551160,146.145.251.19
M1247892773,194.157.116.242
C498972208,182.240.190.228
C1011419007,24.140.71.9
C37924170,200.118.53.110
C58470057,141.174.87.180
C219537637,222.149.106.177
C1521781395,130.109.150.192
M851408374,93.107.22.75
M1310549886,80.191.97.239
C879329312,186.136.219.170
M1397461092,162.243.200.110
M2000728377,164.233.28.205
C503230706,144.204.74.36
M2038676348,189.168.228.147
C1351115755,71.208.19.224
C503053253,221.64.245.216
C1446632765,32.136.130.3
M238502720,153.172.76.232
M280407292,223.236.141.203
C1039401817,190.32.244.216
C857726609,129.51.118.245
C1861227714,150.26.114.185
C685698602,209.20.139.161
M465797053,39.133.229.194
C1555061975,163.206.188.215
C973743007,192.229.62.74
C1324177979,162.118.210.126
C463762904,215.227.193.148
M489353970,154.91.30.52
C1573602738,175.137.248.188
M962639355,58.35.221.184
M1912998981,17.101.133.72
C566427967,157.214.121.125
M68565807,7.119.127.54
M575205576,91.93.37.175
C636138265,171.22.183.44
M1695213463,194.127.64.114
C968882805,73.145.204.198
C500703366,17.93.8.240
M2075139564,118.64.128.215
C1378233097,68.192.200.5
M481468850,118.25.36.70
C1514794352,166.4.238.24
M725888020,199.253.174.110
C1588957891,194.220.1.130
C1938409896,169.124.119.242
C656370020,132.71.54.213
C276191877,133.133.104.5
M1832370665,171.90.251.68
C1662898073,196.40.44.103
C1650704471,126.41.64.162
C1519845212,51.242.34.27
M1416107091,26.61.241.8
C710342888,77.246.231.55
C671337546,153.170.191.27
C221754843,73.181.136.48
M1895691230,86.218.163.83
C271575221,63.32.56.92
M1411035807,172.203.224.241
C708211451,164.22.117.41
C746609581,223.116.77.130
C1297505300,138.225.115.60
C1429968288,57.217.32.25
C425492546,85.108.225.196
M70000857,221.10.204.125
M882272147,34.49.202.182
C857365378,21.104.94.40
C1602128458,119.28.215.195
M318934800,114.244.188.156
C691838055,3.36.239.4
C1961424733,202.133.61.89
M72606899,99.69.215.147
C2082326073,153.125.121.222
C1284730927,29.126.46.121
C157591472,133.136.138.191
C1792808381,13.50.5.25
M537397999,155.211.27.63
M8336625,23.219.43.3
M2111824551,205.74.103.148
M320891926,59.131.170.36
C402262184,200.212.45.249
C1692832856,165.245.224.210
C1181681250,205.201.8.49
C172475290,185.90.202.221
C753298852,203.249.148.153
M1753025523,76.230.110.85
C1286928684,187.161.35.17
M782997951,205.38.26.62
C1399458580,189.205.10.246
C699453810,92.247.90.98
C1262011052,65.97.191.216
M703180768,213.9.131.106
M727473563,53.214.71.141
M741223780,107.2.249.21
C1697147324,75.136.60.249
C1043731023,208.157.254.95
C2012864987,202.155.170.228
M1241484709,39.181.217.239
C1439366836,126.97.173.89
C592093707,206.85.213.220
M414554241,128.221.121.190
M1048655542,199.128.31.200
M20923479,128.254.31.210
C1970702528,165.239.162.31
M944416080,45.198.161.10
M1728022128,211.44.78.78
C1047773674,195.22.176.127
C1645778736,197.233.178.131
M531725823,222.224.64.235
C1305009774,159.111.134.99
C216592405,143.109.94.4
C250343810,65.155.21.30
C2103889084,114.22.39.159
C85010535,218.79.218.204
C1837095482,75.174.212.213
C2076351339,205.212.31.169
C683138717,122.240.52.133
M510682926,171.59.199.27
C876071903,219.158.13.97
C321717015,222.111.64.193
M979933234,156.162.186.57
C471450373,48.84.170.219
M877647877,119.34.149.172
C83179166,211.154.39.34
C1362453499,212.56.48.96
C1584838894,214.185.68.78
C890377362,129.155.48.34
C1356915369,73.141.231.2
C109775032,178.22.238.35
C447070962,196.162.131.189
C1560501002,134.143.235.175
C1858926350,213.32.239.48
C1646096543,155.96.5.144
C308067528,48.40.83.103
C2111561670,197.244.248.227
C1824264467,21.225.117.201
C1808866632,72.216.49.91
C2133414706,191.11.22.112
C1172704377,24.68.128.167
C2020860569,21.22.67.16
C1582426917,126.143.117.251
C1754142396,94.8.83.146
M790244937,223.144.94.239
C1190131047,47.206.166.18
M722510812,212.154.235.134
C320737482,137.100.118.65
M895431242,200.144.75.40
C250012975,196.253.84.50
C796091198,203.240.169.157
C266220697,28.189.110.174
C958953991,173.67.15.86
M813735378,192.138.199.107
C1941916202,203.78.171.170
C650035806,160.248.66.237
M324342131,140.230.125.172
C1283374857,212.116.202.42
M684850051,41.126.58.133
C339470009,181.227.13.67
C1577025186,128.213.207.157
C2077576601,143.56.16.140
C424825750,43.72.50.200
C100195995,220.64.107.23
M4347320,111.107.25.69
C1975918135,172.38.198.87
C739880811,38.128.0.147
C1069968715,134.59.213.232
C1601205723,69.202.240.4
C312713305,16.242.144.212
M1682408611,63.200.161.79
C1064868912,182.68.238.30
C846135284,199.126.93.226
C549139955,115.167.214.56
C329456197,160.12.117.51
C1742467356,206.56.2.36
C167175733,77.79.51.236
C1167337612,38.22.48.252
M818025487,197.178.72.205
C369284896,190.81.81.252
M736920118,210.171.207.42
C639921569,3.28.221.145
C912095413,115.61.242.63
C1076385632,137.52.115.156
M1484695868,74.192.147.254
C2009093032,217.68.3.151
C1190332895,193.240.250.196
C75404027,157.254.81.117
C1737413597,88.139.214.191
M1458926839,41.249.90.15
C966018940,147.58.86.104
C1138817531,188.30.255.131
C2140029833,198.49.105.177
C403203523,38.122.128.233
C1108671624,61.85.120.110
M166585974,45.176.116.109
M264879465,19.189.37.188
M731968202,196.126.118.6
M479987559,219.208.166.156
M1902361050,45.111.57.148
M1780037453,214.116.32.129
C2036424709,145.105.188.40
C309183527,11.153.245.88
M122928567,216.10.82.164
C256176620,9.148.187.99
M889368019,206.7.76.213
M677096722,159.76.136.73
M1056990134,219.87.197.124
C640592977,183.145.49.24
C1961646906,198.60.3.167
C1436705538,166.108.158.64
M2014963892,211.143.7.183
M1341078498,181.172.34.6
C976164557,140.38.124.1
C1450150251,205.142.151.9
M142342905,190.212.228.204
C267932530,216.142.122.91
C2009082452,169.242.180.41
C238668530,209.108.8.241
M341944859,140.230.95.217
C836249110,180.9.232.8
M1542222765,184.174.164.175
C1540321401,130.27.146.88
M1348089788,94.13.168.252
C1657041838,156.184.70.111
C1956457360,216.198.219.219
C315161875,163.154.223.205
M601174739,195.38.169.233
C2041008409,15.237.206.136
M1016860656,141.98.28.69
M1901773897,220.37.32.187
C1814743278,145.91.206.120
C276147479,42.84.99.200
C1239031261,202.229.209.156
M1726028995,136.220.95.200
C1878593739,29.161.153.33
C1200754697,215.211.36.227
C1143329943,207.109.74.198
C952595667,190.30.218.131
C1520594719,147.205.87.195
C1797919997,216.71.203.86
M304191532,120.20.213.54
M1512096412,129.212.167.64
M1853307520,221.15.165.141
C988705496,205.132.196.203
C1714938931,129.30.172.92
C1795131625,223.193.115.57
C1959559159,78.107.100.86
C74288440,160.163.219.204
M2032504797,45.2.175.95
M1449288962,112.66.170.223
M1327733366,210.55.231.121
C946186798,222.12.150.58
C912976721,202.244.69.58
M195635213,220.102.155.210
C184254704,202.229.209.156
C1366589403,145.91.206.120
M847653440,167.122.234.111
M76826899,213.32.239.48
M33416945,136.137.221.66
C838948978,62.60.177.252
C1688594310,136.183.229.48
M1974943259,132.32.131.91
C620902860,131.166.219.203
C296562338,86.212.10.15
M1468475221,220.220.33.80
M1552518432,84.205.88.202
M260804472,155.48.175.226
M2110507332,96.121.167.127
C1701136497,52.41.133.232
C1607721978,6.104.54.109
M1525865742,156.212.9.218
C541258645,116.177.229.189
C1370209618,203.9.248.6
C2055980315,132.159.196.104
C762759570,193.150.224.88
M1794508515,134.104.13.243
C1722883468,190.146.5.178
M284183932,88.210.22.133
C730350455,142.70.142.220
C1752591265,193.114.107.95
M436090088,221.22.245.59
C1169315321,194.100.9.30
M309983713,12.63.183.117
M513329048,154.40.183.147
C2128645176,71.244.144.50
M55629029,190.247.229.203
M506254328,171.105.33.243
C1126814500,175.87.252.4
M980968102,80.248.16.148
M1697723026,134.60.11.173
C2120042081,212.173.186.31
C599174068,218.146.47.236
M1840316250,143.243.234.215
C1886795573,199.169.13.39
M1919208957,209.22.156.70
C1132494342,113.241.10.137
C1196905443,215.41.103.200
M341475077,144.117.187.91
C38045322,205.6.183.133
M921297051,199.163.162.42
M197479812,206.128.145.189
C1524242530,82.35.200.61
M302528498,198.99.220.46
M1629240136,168.121.251.74
C180037483,202.30.20.82
M1254241532,145.46.92.27
C431416986,32.173.102.14
M614412510,188.231.92.76
M582886129,223.204.219.231
C795840871,187.231.71.206
C252721565,181.64.241.86
C895280782,100.230.80.102
C919306039,200.60.184.94
C536178983,149.68.91.162
C387620559,198.211.16.148
M1251497592,157.153.179.40
C537985281,77.52.29.61
C1917025677,195.160.251.126
C1142488685,201.248.180.0
M358490766,183.205.230.216
M120528091,204.24.250.3
M1875174082,144.191.11.28
M1947352977,164.15.231.31
M1586976811,130.107.31.247
C1323211235,202.13.211.215
C1099787699,185.63.162.41
C1327330940,221.28.233.62
C364393564,217.74.197.76
C2104507826,164.73.47.144
C1921034805,104.204.38.89
C97725839,144.204.74.36
M1720731478,49.74.254.47
M1583480606,223.111.97.111
M989897532,141.73.208.108
C1554565380,110.70.165.30
M1937389829,177.88.251.176
M753756804,19.42.67.31
M532832544,220.189.183.23
C1981355984,96.186.33.176
C2097436909,200.49.240.20
M2011283784,21.22.67.16
M817298798,130.113.145.164
C1424731356,200.236.86.91
M242468230,164.239.138.129
C1063606307,3.195.207.33
M534433075,155.106.169.78
C276022566,199.141.114.39
M1720336056,211.83.38.219
C934853509,54.8.235.1
C120530536,222.190.254.224
M2135168858,161.229.115.29
C1552999158,193.165.41.172
M83704613,192.21.82.156
M441200211,169.239.176.0
M1552301249,215.161.55.185
C1875583711,157.152.144.87
C59901056,213.32.239.48
C1546411648,197.31.230.234
C1629738129,203.66.254.216
M1791047024,173.38.56.174
C545990664,85.1.236.58
C608175647,218.171.239.28
C1752310930,156.234.99.105
M928785513,174.57.139.39
M1272263978,99.172.122.78
C1601457862,54.8.235.1
M1031351666,28.48.160.15
M1715179818,178.152.142.50
M1297696354,82.172.217.180
M1813357056,215.174.123.144
C202220325,207.244.108.199
C332975274,215.38.16.145
C1742020302,71.150.93.76
M1155934536,32.149.13.49
C1874170461,109.250.231.78
C1554717982,39.123.245.106
C1408403777,202.229.209.156
C1578335459,118.181.2.111
C1266618319,151.220.132.136
M1089064134,204.52.216.182
C1885720523,161.196.220.63
C958135309,132.141.131.95
C1807595570,154.63.199.85
M968646830,1.14.243.17
C2087913014,90.250.149.156
C1837815693,109.100.131.179
C1414238160,202.247.10.224
M1084510265,207.233.63.144
C894029815,133.47.188.250
C161452758,161.11.204.204
C1786726575,216.225.22.78
M1009443247,215.176.88.221
C1448209839,13.192.173.251
C1050209890,148.176.91.13
C1844464656,201.116.28.44
C1038794885,221.4.198.13
C897561978,137.36.176.151
C1702511699,63.199.72.166
M1559048810,145.91.206.120
C486032428,133.27.184.96
C1745551276,118.189.115.238
M1009582522,71.15.210.52
C105191836,106.220.19.190
C407027765,208.166.124.205
M309846016,149.43.194.70
C1554865197,130.152.252.94
M826211005,130.3.187.54
C272906785,45.89.169.32
M666312528,162.188.119.201
C1343600598,159.138.118.239
C367480953,130.214.43.232
C1372792336,144.204.74.36
C1510815107,183.54.39.165
M826814298,191.127.6.46
C60796535,204.9.94.218
M1757715893,215.246.244.178
M1399567910,200.32.60.245
M445415503,195.65.99.174
M2066285130,166.200.23.163
C1715795933,21.22.67.16
M675935392,199.78.248.186
M1132129821,178.141.5.162
C1163480574,53.157.34.84
C251198050,51.218.138.227
C700110554,209.245.156.245
C328285138,40.160.158.45
C955495895,125.145.244.249
C1636966593,212.89.47.70
C243962745,193.11.147.146
M2145627891,198.148.204.67
C1263845074,201.104.65.31
C490502479,62.131.92.219
C1092216719,220.31.77.41
C888149804,209.64.178.4
M482191659,128.230.179.146
M2109208464,165.143.204.225
M1264123258,158.242.162.218
C2051838713,186.80.69.3
C960042363,199.43.60.162
C2036145847,209.5.249.49
C1318760879,153.83.171.65
M602768530,60.86.231.143
C317930384,44.22.114.44
C1200294148,143.17.187.40
C962675437,144.115.3.49
C409003233,197.65.218.123
C236686256,53.53.194.32
C638759306,50.237.80.30
M413616641,28.209.7.32
C447333524,222.128.82.140
C1828852445,210.124.105.23
C1724402684,202.190.46.157
C801207885,45.24.125.16
C87134580,80.186.156.39
C2145418274,108.29.194.34
C1461690304,163.70.196.74
M1939409738,215.247.232.61
C1178234851,172.121.57.11
C1721459506,165.184.60.220
C591155970,58.102.109.116
M1851160182,24.234.96.18
C665603498,200.26.3.158
C1970969957,157.45.248.18
M1305736553,145.159.52.235
C578219606,179.142.24.111
M1741355595,213.206.192.240
M187602231,102.49.16.78
C2967677,79.89.41.45
C95566755,223.204.219.231
M529201843,120.147.190.129
C1396319605,203.212.80.178
M1259581007,21.9.185.147
M2053750368,172.141.184.183
C168537290,180.182.133.35
C1629720592,34.81.5.162
C1747916253,206.221.159.121
C948832044,211.239.2.251
M1618793645,136.76.108.33
C2064003803,218.68.104.99
C598476384,174.65.201.155
M189174727,13.53.112.121
C1456485148,63.92.252.242
C1252648350,198.248.36.206
C403023318,139.215.60.20
C1760886989,56.95.47.68
M1279448422,207.183.9.126
C281891530,203.151.170.240
C2002068763,41.176.123.83
C200227681,164.201.172.208
M958615584,210.59.72.245
C719119378,178.226.139.245
C228825613,181.194.251.134
M1523988830,200.2.42.192
M466167889,178.62.158.179
M560305910,180.75.43.183
C1560450567,123.84.157.155
M1944060431,163.24.86.184
M1148569236,196.64.32.137
C2058049748,41.114.35.252
M1841159272,36.101.218.109
M781236350,221.39.15.25
C1521529243,197.123.0.225
C863327515,166.220.243.151
C387508991,137.167.55.87
C1704323890,151.211.235.128
C1681878279,144.227.240.165
M205390665,28.80.136.137
C1573847723,220.197.184.149
M328563147,138.51.247.214
M32228944,187.194.97.242
M586554452,195.42.184.172
C1637274915,192.22.143.241
C485598602,157.18.145.208
M856199666,72.35.24.129
C1843448114,70.185.219.139
M1687508638,203.183.150.145
M222369068,62.37.21.17
C18996450,60.29.129.77
C1748603513,209.196.93.52
M563631270,205.95.210.223
C1827805764,201.216.44.131
C1643666059,176.169.16.11
C2117025870,45.198.248.224
C1639940638,202.30.20.82
C1509287078,13.170.99.161
C672281868,190.193.18.111
C1777706309,37.188.194.70
C2076405907,153.69.7.144
M1438191043,131.25.209.180
C828985995,196.60.200.68
C513339905,161.123.72.159
M301149088,196.163.6.242
C1664823354,217.169.65.89
M2142280191,171.17.230.207
C1107490681,220.102.155.210
C769528997,80.82.58.210
M1635083820,202.248.245.166
C1350369613,158.208.184.232
C1067814107,51.218.138.227
C1036941503,93.228.188.242
C10265850,85.128.18.205
M1579614317,71.244.144.50
C1179955657,199.141.114.39
C1335009677,218.64.203.92
C2067287568,168.215.118.203
M1159548685,150.114.172.142
M1911455980,160.253.43.67
M157235785,205.4.220.15
C701391093,5.88.49.22
M394013010,178.152.6.191
C1862265469,223.52.228.46
C155747336,49.37.28.233
M810927595,160.241.157.147
C210224250,223.150.41.92
C1920522237,149.131.230.9
M1190451085,201.70.227.33
C1999323505,216.145.159.33
C1973054830,191.78.80.243
M212425320,18.216.81.40
M1857513878,203.40.121.10
C244684090,183.211.206.174
C724595147,61.219.88.224
C1949013650,120.89.1.96
C166838725,222.133.119.246
M1195165525,223.249.108.10
C1326165595,91.226.147.115
M1197274331,166.246.34.1
C737969496,189.245.26.1
M1817924296,144.204.74.36
C374769756,20.10.34.186
C1238956402,203.123.193.156
C1246929314,69.100.6.243
C289358776,151.71.158.158
C2020659135,39.99.100.49
M2032368838,197.19.65.167
M1525769965,45.240.252.33
C1321468037,113.69.204.128
C1971426387,134.249.54.98
M1650963180,87.83.109.162
M568900009,221.206.133.211
M87538348,162.175.126.221
C1991825762,168.12.119.114
M966707259,68.211.56.125
C1318550066,173.80.199.237
M378847876,186.235.243.207
M2105926898,202.80.29.97
C1895508311,135.23.193.41
M1730886723,193.238.226.58
M1277938699,193.158.220.99
M305158987,120.90.86.40
M1818636247,173.47.82.244
M2002498413,62.19.198.174
C568904482,121.20.48.222
M1987120586,216.77.184.121
C1928461022,139.85.56.224
C646513637,63.243.196.214
C152956833,179.151.223.47
C1971071921,88.128.98.245
M1018003181,140.185.135.218
C1501236527,210.240.243.71
C1531350213,115.100.225.240
M452881409,202.248.131.148
C1003280340,51.24.135.41
M1451592360,167.38.83.21
C976936495,219.28.140.61
M1660251994,21.22.67.16
C1298799712,190.4.49.184
C577718811,94.170.47.234
C990967636,198.228.60.136
M22596562,197.15.102.63
C1473694873,204.249.170.53
C1668936313,208.0.68.93
M713304613,149.54.253.251
C1847272950,80.127.117.238
C1856256614,8.92.248.195
M294962410,211.87.208.185
C61049773,12.4.215.174
C1582485680,193.171.211.113
M1447720230,202.147.19.236
C790810719,203.179.198.204
C589380941,95.75.53.67
M1710979359,65.114.39.96
M1200681466,56.27.160.198
C1650510410,69.87.124.49
M447852790,106.27.88.97
M779990944,29.66.130.203
C1708124424,218.121.1.127
C696837041,4.127.128.233
C2064715630,198.107.192.91
C1112861184,173.180.219.19
C10007424,52.103.137.166
