person_id,number
C632336343,001-420-881-5411
C1264712553,707-906-8343
C1746846248,001-374-440-9505x874
C333676753,(353)215-4822
C813403091,+1-804-287-5107x0433
C2002954533,001-799-704-4471x3915
C813757373,+1-863-875-5795x456
C1850864812,569.568.5386
C886849972,(809)699-6617
C390714641,713-933-7051
C1514989792,641-273-6488
C94444270,375.514.2547
C513018655,+1-734-940-5447x83360
C122114408,909-798-0761x291
C1810046508,001-503-361-7172
C1365498607,508.801.5914
C12524561,001-418-663-9636x543
C1564771551,(468)808-9899x70514
C1346570604,452.294.6454x94163
C807101143,977-292-4230x006
C346953986,+1-885-650-7186
C25552315,+1-686-798-2595x620
C200195468,555-890-4605x517
C1576094043,483.468.4330x38223
C1512675672,(300)342-1181x17372
C1286124147,843.346.8371x6253
C1953063740,(697)800-0633x181
C470767940,230.750.4298x57393
C709178804,(344)610-9768
C920671013,001-654-677-7851x31140
C633099116,(433)913-2906x454
C220437223,583-687-1782x300
C1717919401,001-215-974-2883
C1353964860,896-958-8804x036
C1894828300,(214)946-7482
C544409289,490.733.1130x8885
C88319926,8883385293
C893917810,518-953-9305x748
C1405934398,3608865569
C800760258,+1-527-438-4647x5658
C484951468,+1-590-395-0824x7005
C982073663,+1-913-447-6625x360
C1647129298,472-892-0269
C2086229320,901-343-4737x6935
C315487150,888.206.5434
C1235787929,727-260-1453
C979213321,379-776-9457x1010
C1653380908,518.527.6297x9472
C1099535493,(287)448-0744
C2147063789,314-645-7489x11896
C237037918,001-572-639-0902x19343
C1496903190,915.647.5842x322
C1051106607,(207)488-5744
C731717743,(980)203-2542
C1410677661,(539)395-7398x988
C677811242,(945)620-8032
C74556831,531-271-0205x18089
C41573174,586-975-5439
C40966245,(307)787-7593x0496
C40866646,001-880-943-3241x05370
C1321671140,629.213.1768
C1322294401,622.655.9609x3570
C998029122,+1-239-976-7593x071
C710908433,349.596.7724x23799
C1977482177,634-698-3182
C1345262134,507.597.1161
C952906355,367.604.0888x30852
C174212239,(511)838-4786
C239144018,(417)403-8666x560
C1577059714,744.492.3665x8981
C1370498771,268.719.4900
C1542135254,001-538-890-8671x02567
C923977418,+1-722-746-5861x3192
C1009192782,(890)932-3276x34132
C1418729422,+1-651-598-2739
C2029840344,+1-758-906-5149x28526
C731563967,(926)898-5629x56891
C1515172243,573.367.1790x7560
C1025174837,687.590.0818x46586
C1358412469,(834)826-4954x24840
C1144246806,(938)233-4657x391
C583984242,969.904.8880x87478
C449334349,001-842-797-4480
C1946500289,+1-848-437-5012
C2035379457,916.928.4935
C2147246002,(889)387-2702
C1906310517,6392584245
C1249789290,(549)442-8283
C1938448095,(822)910-0387
C508385511,634.334.3128x54231
C1013341637,001-608-817-6287x37963
C1408936980,001-267-520-6556x648
C1363041822,977.846.8709
C1359889730,(484)825-1010x66685
C1270549119,6478312819
C2051931889,708-367-3049x331
C841098437,(885)576-6846
C1484852473,+1-699-569-0604x878
C2023654274,704-742-8130
C928494081,+1-517-956-9193
C427005441,743-590-3296x1031
C1359417325,(841)954-1370
C2074796244,801-397-4687x27048
C1946350945,2365352896
C1239333334,001-291-216-1451x442
C1602089084,432.326.1887x10595
C102483840,798.444.0668
C1483999363,(380)212-8779
C1477296233,001-704-929-5487
C648700740,(777)977-6232
C1616958476,546-626-6438
C1514420564,(435)849-0874x35167
C1794179829,244.394.5535
C1655583311,910.334.7240
C1346718641,(458)242-8632x279
C1159198332,(841)864-6880x90658
C804921125,627.276.2666x918
C805028279,(530)399-3299
C1478451246,+1-868-616-0444x172
C1150179328,3309750762
C605074781,(780)708-8634x5003
C776744634,215-803-4800x1637
C42598404,001-229-703-3390x9874
C1260349918,998.965.4558x7179
C2018348964,+1-896-378-0634x836
C340149850,678.595.8675
C1039276660,001-768-409-7285x5383
C942807624,629.823.7697
C2121240346,(644)641-4348x9128
C1560448195,(343)610-4744x29439
C854642819,(878)806-9015x008
C459252785,724-820-1044
C1309130238,+1-642-592-0060x8420
C849509788,675.328.5059x5565
C683799433,(566)550-2612
C352220876,4884579374
C887004112,(566)846-6651
C763671499,2646503326
C211960157,336-449-3098x575
C2126397003,001-450-560-4931x17125
C1935487738,001-234-684-1592x731
C1471956423,(201)635-8661
C20748083,9849367507
C315492035,001-236-776-7053x91611
C1191854830,(871)374-7179
C509952728,431.737.6957
C1181005058,+1-637-601-8212x51802
C1260935439,8825307950
C773163139,+1-511-634-3853
C781839635,592.649.4316x0198
C1798880828,001-590-253-9108
C1800243188,+1-826-851-0115x167
C1613457151,001-608-817-6287x37963
C280147801,+1-291-852-3459x3569
C1535780730,859-758-9483x88582
C871652084,(813)255-2197x399
C1448380450,001-711-968-7296x798
C1298433128,+1-444-705-5549x599
C1946777947,001-986-498-3739x685
C1844580132,+1-508-876-5699x421
C1065363833,001-323-721-7262
C303128054,940.248.2004
C710925990,621-799-8600x15247
C548608193,(252)804-0540x5939
C1568656506,(762)615-8619
C1626747046,218.733.7875x878
C1482458700,3183693800
C1169387535,733-387-1400
C1507005727,679.516.7000
C271216403,705.592.3321x92592
C1944531859,(384)992-7480x957
C443256575,748-300-6740
C1367522019,+1-307-842-6894x876
C897923211,(814)634-6221x9302
C1310500423,877-373-7923
C354902759,435.643.0102x2763
C2131394246,001-395-650-2434
C249200083,(705)781-5807x592
C1860449608,(784)617-6200
C2069695524,218.886.0182
C72679323,(387)426-9042x79312
C302440786,(490)247-3827x8930
C1786701224,(934)283-8222
C109549101,986-991-6552x8154
C69372757,+1-815-391-7792x488
C1905061351,+1-323-327-7201
C283168237,001-677-777-2862x2572
C1730214975,+1-336-856-5989
C105766657,223.567.7771
C510409191,+1-243-754-2756
C1536968899,8749240756
C710617656,8969419387
C2054628112,001-382-304-4148x818
C542975894,001-598-657-8211x5668
C1553137068,893.909.0821x078
C1600086058,001-892-798-2590
C1357070438,7247406909
C746348142,001-662-988-9462x1232
C432147162,733-387-1400
C640064078,281.587.1657
C1780541439,001-483-314-0998
C756435736,+1-213-365-3171x918
C291493936,974.352.5395x10026
C559078087,(933)362-2829x0129
C604541326,+1-398-623-4680
C290022912,489-511-9545x021
C877593625,+1-479-886-9873x0678
C1815651807,852.913.7834x70066
C1448400865,468.346.9108
C40905611,251-812-7793
C522950250,(668)596-5444x27389
C1411102270,458-436-2362x964
C1821641108,976.512.8123x7957
C1532316610,(865)206-9017
C558630256,240-615-4287x1412
C805432013,(749)607-9317x5224
C362865724,2132364214
C1013384637,(332)236-7090x85648
C1086764372,(433)913-2906x454
C1692768606,5467847515
C1227984431,(685)884-3591
C820447403,770-754-5493
C789074715,390-429-1875x1600
C1064603430,219-419-4554
C1405528965,(475)907-3318
C33175299,671-704-0622
C467717543,+1-606-372-8478
C1675746664,5532305536
C1830375097,8449496748
C1461159159,960-574-9475x8202
C1982775599,+1-873-459-3520x73501
C1292711577,+1-804-471-5044x5339
C1963550118,001-736-771-6481x53386
C1259952556,(988)285-2817x56043
C2146933874,827-949-8038x368
C1480105448,001-232-872-7226x1597
C1503346721,001-232-872-7226x1597
C236635667,+1-280-691-4698x1896
C409741973,+1-644-663-6101x502
C391871944,765-277-3794x9266
C244341744,001-802-262-6621x283
C1450168978,001-765-839-1819
C1452534624,388-558-1710x85498
C1828136324,364-414-4644
C1982404838,474-733-1170x25517
C322617928,498.656.5167x7282
C776180615,(465)706-0270
C1916496762,+1-686-798-2595x620
C16708267,9668890169
C1787501728,541-206-6305
C590272894,820-580-0765
C1598042404,9623398516
C240218607,(614)404-3756x162
C400990872,255.496.2384
C662980180,(723)772-6829x0506
C1117122966,001-540-271-3390x4163
C1769987336,001-453-791-7091
C1019120294,(718)739-9761
C1826659400,451.234.6550x35247
C571901331,244.774.6008x95275
C1902615133,+1-336-206-9189x09971
C229481481,9925781447
C979315962,542-388-0809x90032
C1832568799,+1-462-924-6779
C1500999280,+1-782-433-8226
C583270541,(609)475-8832x4708
C775199672,7025317924
C1936578603,8053580236
C1619280891,870-755-6493
C1699211236,749.743.7262x5949
C948008517,2203765523
C1549828854,+1-489-615-8928x7371
C1484287258,(530)329-9238x6108
C1219933393,499-586-2871
C2036462106,3773574696
C1877480943,+1-724-293-8028x1903
C329671918,(440)645-5540
C1382737049,(960)416-1961
C2019927907,(357)704-8447x47656
C1204432983,5137380187
C98762391,+1-365-957-9705x509
C872308387,830-842-8789x9890
C727477811,7805155148
C1773649560,505-664-1236x46392
C542988410,+1-242-383-3130x1656
C1623560754,3157180136
C1817780317,+1-598-383-7900
C1512711427,892.373.6569
C1816231296,485.840.1512
C483691061,001-496-642-4928
C1613083227,+1-431-587-3403x39378
C827453658,299-666-5628
C1194602188,001-613-526-6705x187
C1814014154,001-608-817-6287x37963
C1576282858,(678)213-4368x32101
C80009629,001-604-587-6402x24289
C1589115167,236.215.5473
C264592116,8538226736
C1146107700,6722209518
C335626674,835.768.2570x300
C1503656322,490-909-2525x16987
C1058293025,001-885-800-1113x560
C839531987,+1-995-727-5938
C1673909196,(690)211-5025
C389791845,962.693.6641x6286
C1343366442,(985)838-7627x8445
C435002653,888.229.9691x8977
C1431131974,2575842153
C1949030828,+1-798-575-8263
C525764198,(614)221-7420x872
C1980355330,262-348-7395x15438
C1765538372,308.497.2666x19051
C463410784,693.433.1555
C1935530674,001-704-929-5487
C1331486159,(456)455-4007
C1732789610,2622556796
C1538904718,894.488.8027
C1544323607,218-694-7305x7881
C641130643,+1-789-254-8885x20315
C1581127881,001-415-731-1838x17965
C1089649936,863-871-1178
C1383263848,+1-730-214-0235x672
C991371830,(356)284-1801x687
C1820719608,504.411.3037x1194
C1774537867,(782)970-6901x9563
C402396374,881-610-1946x643
C951531132,3159321432
C2022978153,306.974.8086x5341
C345630943,226-520-3731
C1315518253,001-283-729-0402
C1803002069,(766)473-3869
C625476444,001-642-405-6594x2152
C1255646682,+1-353-746-8834x37821
C857906147,001-870-461-6125x7537
C456511156,614.411.4395x99733
C1598086365,001-604-587-6402x24289
C786231804,365.427.4994x9662
C446239502,629-524-8531
C1082836606,001-789-765-9403x9462
C1909053668,001-762-372-2739x334
C883888639,001-998-781-3005x028
C456410025,+1-616-980-9700x7673
C893629182,270-725-6194
C1861550756,001-523-454-7955
C411554883,001-677-482-5090x1201
C1362472090,387.986.0546x551
C1239955812,743.553.1970x72300
C2138549198,350-436-0270x855
C2068139505,(342)766-3061x0681
C956148525,001-601-542-7151x9869
C1750384848,573-226-1759
C1367135749,(936)442-6840
C324615636,+1-273-769-2828x43369
C507398461,370-585-2934x274
C1841108322,719.397.3351x330
C284456399,789.263.6285x99472
C2030381661,683.889.8125x3590
C1947833123,969.808.1161x70852
C1544023267,7982656112
C730391328,+1-963-315-9218x0816
C916767038,591.386.1948
C2030604385,(914)275-5614x53991
C148953922,217-304-4581
C988195365,255.252.4249
C215824393,6517454307
C587377409,(600)522-2801x216
C1047250699,001-547-708-9581x197
C210431435,(899)958-6351
C115263387,609.853.9846x7229
C1665011228,001-847-384-6797x80333
C1443582114,(710)810-6416x21761
C1119448553,629.213.1768
C989033255,001-219-330-1421x8820
C1894384509,496-209-1937x757
C1126614111,202.764.7557
C959831541,(461)943-6343
C1014445701,(728)315-4079
C481112045,001-375-505-5739x4678
C830049833,001-732-995-9012x3324
C1842245528,(577)516-9835x3500
C1596240999,+1-443-709-9199x90600
C558123424,001-394-512-4058x1336
C499084371,685-442-6716x74387
C527121410,684-329-0134
C2040030406,001-841-687-2331x1363
C691065771,977-292-4230x006
C1592315590,388-238-9046x26317
C1223700231,(551)343-1048x792
C1548427609,330.489.8968
C334779941,001-932-581-0103x1818
C1094243292,805-941-9277x6214
C1468489255,001-978-726-2411x260
C121673706,275-984-2359
C1110105400,+1-997-714-8222x26723
C205926264,001-913-253-0111x28695
C245485620,(809)320-4520x24855
C651351828,518-266-8283
C1906253970,(570)360-3136x93075
C1627221278,224-704-9472
C1313758558,461.430.9934
C42312626,258.850.9864
C1892790152,7295512269
C963189208,+1-811-286-6515x684
C1362561820,+1-552-963-6891x70215
C943906045,8658360771
C1350030880,(279)348-2935
C1248291605,(529)529-9078x4732
C1807268726,+1-518-932-1730x249
C1991141405,5179368987
C758975164,(299)459-8297
C904657322,328.244.6813x56786
C1979501645,+1-686-798-2595x620
C325311902,319.791.3061x54484
C1182820380,329.251.5023
C877834987,001-491-926-8071x9542
C121617064,001-270-975-0658x855
C1832242886,(433)913-2906x454
C615984420,(920)386-6920x6626
C710378611,(779)487-6087x0388
C609387891,001-232-872-7226x1597
C747251675,001-608-817-6287x37963
C977212251,+1-699-569-0604x878
C101554713,503.247.9254x40320
C447146159,+1-723-458-1189x07232
C248360713,932.396.8205x36154
C1564902645,+1-783-620-8276
C2144691964,8927544994
C2070002745,825.958.2352x888
C1299995578,234-359-3988x188
C957587875,777.337.6432x2780
C36185976,001-904-988-6202x314
C902519236,001-896-684-4954x87716
C2113946113,376.322.7801
C1332049776,(458)242-8632x279
C1975067906,9515152275
C1950011604,372-678-6188x4511
C1185590750,+1-204-350-8974x678
C1873356357,539-700-6799
C954473044,001-636-506-1121
C1444613651,661.636.5632
C1492365071,931.781.0849x136
C141646271,(783)288-4444
C894616067,+1-329-882-5293x9279
C25554543,001-735-225-6958
C2081894246,651.403.2972x5309
C981606624,513.968.1258
C1928538947,+1-488-257-1833x498
C1327273607,615-345-2190
C1702795050,246-742-6245x29090
C871049945,254.288.7345x4646
C1473474111,001-691-710-2574x889
C1813715779,486-648-1521x48408
C590825815,+1-972-221-7226x916
C1960897990,(723)772-6829x0506
C1799708023,+1-419-714-2616x074
C38777806,001-862-552-4008x330
C1425980682,+1-484-337-5150
C1630913283,(409)815-0756
C204837053,+1-258-804-7092x2626
C1459471804,2103491007
C1804644264,001-301-768-6662x87008
C581092628,(562)765-5749
C1033179241,001-221-361-1192x8891
C51713258,307.611.8307x272
C1012444574,(796)301-6901x69439
C1429344237,+1-489-737-6793
C1354365880,743.744.3721x3171
C935830942,001-490-449-5117x81073
C679835635,363.617.9373
C1994740718,(770)292-9976x1724
C1159397263,720-340-6266
C41281472,289-977-4075
C2045288691,349-814-3093x33429
C654007684,+1-921-631-2391
C687205356,782.460.4663x8353
C362808071,(499)237-0276x7474
C133176430,559.369.5605x2372
C1173615080,512-610-6860
C1024549765,001-941-485-6231x5347
C166446075,001-972-372-3358x59493
C820264689,860-748-9986
C30171635,001-871-360-0433x785
C470143903,865-330-0286
C487812799,(462)937-3075x9296
C1434018911,(986)898-5823x1485
C1831036283,+1-901-430-2020x33840
C1976238602,326-282-5218x5424
C171710026,270-221-3408
C2111405403,373-643-7076x13309
C1607635931,801.433.4635x8296
C110048837,(654)966-6183x25936
C498744194,+1-892-641-8839x9361
C1600631464,(286)427-3814
C1228793560,523.982.6164x5814
C981409446,837-460-2031
C1133286126,7336414884
C859180153,+1-956-454-9595x25531
C173650238,5615560638
C974160097,+1-664-742-3636x0186
C716006124,938.266.4928
C1161563257,+1-522-216-9945x79233
C984183367,+1-756-923-6131x40639
C211548782,251-382-6276x5569
C452328676,694.413.4340x870
C1272954468,001-559-857-1621x853
C205094671,4442037358
C2103095274,(996)862-6910
C902469108,7123127443
C475092059,4866302489
C911386330,518.951.2796
C970996326,(754)300-1754
C343462036,633.305.1807x68042
C757911593,722.968.3631x85259
C347970069,(554)803-8141
C208207382,454.781.8310
C567856792,(936)641-8884x748
C1408894524,(608)754-0789x7504
C561085588,001-661-425-9089x3328
C26798809,(432)568-2423x799
C317896838,(514)533-4820x309
C1438120296,+1-965-267-8585x0404
C1128647304,493.377.6186x745
C2111535698,(848)830-2796
C1367953979,(643)953-2760
C713164662,923.487.0943x453
C585438732,001-315-876-3240x0234
C1578615855,+1-953-460-8820x4863
C764727602,+1-995-701-4193x333
C1459453955,6259682231
C1935842028,001-816-267-7590
C1236972535,899.971.0343
C1398270489,001-206-778-3108x811
C1798524768,309-355-1825x2090
C1482622089,001-518-929-1131x5283
C2140826890,001-714-494-2450x9052
C1891624473,+1-560-974-6944x73527
C1700308663,001-911-265-1041x3444
C1909470620,+1-754-309-7863x4822
C1386679879,001-477-357-6021x4906
C2118989260,(392)472-8850x4081
C1459123422,001-596-324-3750x85448
C494742384,001-295-346-7894x39205
C46021971,2598303538
C427769346,(880)916-5242x83010
C502532257,(950)324-7227
C788347695,401.980.5236
C1572564959,993.933.8943x8253
C1634722951,7955400383
C728984460,724.207.4845x965
C1199356949,304-316-8994
C33627542,972.913.4815x5891
C1466302771,728-264-3083x93175
C70208605,(799)703-7629
C875553654,633.761.8968
C653116043,+1-211-822-9051x441
C1054904549,+1-371-400-1861x88253
C1958989962,8726715440
C1708887366,648.693.0204x3536
C1004455679,507-603-8211x94974
C1166700920,+1-383-208-5448x6446
C870036720,(239)802-4423
C1470234114,488.281.4950
C299881200,938-577-5409x171
C182949497,+1-361-540-6231x7004
C76280739,+1-987-721-3074
C916536135,(958)648-3417x860
C1533282587,001-315-909-9393x7816
C1485400045,(578)412-7763x817
C259671510,(844)597-4316
C898361720,+1-259-215-3584x37685
C1863138315,4963611013
C579633837,603.381.0658x186
C1505174831,(554)952-4339
C1371482499,7758543912
C661691277,+1-214-851-1761x4960
C304716041,+1-292-690-1747x337
C1139500340,572-815-1207
C566195854,(926)742-5568x46693
C894234207,+1-201-880-5882x50482
C671179936,210.731.3821x220
C1492200662,(261)287-7847x0935
C750708306,(821)649-6827
C1896972824,001-459-987-9847x83985
C613045705,(579)854-8292x16611
C523286269,695.712.0041x0159
C675329792,(777)563-4476x447
C1160035148,(231)225-4941
C418934561,+1-799-713-3380x83300
C534811552,(561)310-8017x85784
C1118045065,(479)521-6912
C270984175,+1-371-223-1034x220
C1439410529,(436)955-0273x541
C1967837001,976-291-2765
C350778798,812.680.0885x127
C1062669905,(766)791-8513x55776
C1821052251,361-483-7070x394
C1937977255,591-722-7306
C184978226,(881)465-1559
C2104577065,001-350-542-1510x1030
C867225445,+1-547-341-8229x674
C1817594771,2689856890
C1268926862,001-657-626-8470x637
C934980411,460.652.1138
C1642074775,001-386-236-8295x2499
C1697846408,341.561.5627x25823
C994905923,602.590.1222
C480642841,001-401-211-0580x97801
C1213288489,568-748-9453
C1445108729,748.381.8598
C1292696100,817.245.2619x5533
C1625306007,+1-486-624-6691x839
C1799388629,(943)645-4349x876
C2003401620,797.868.5512
C616396980,405.966.6377
C1198033300,+1-235-328-3172x61171
C1522624119,861-839-8261x493
C1674220591,(428)420-3370
C1805204516,001-486-663-5764x2415
C1901405112,483.254.8000x143
C1932307302,+1-838-717-0694x463
C1000534589,857.555.4347x1722
C1124340886,(511)510-9383
C1269549720,(231)655-2492x91895
C1489619205,+1-202-257-3937
C395334853,001-295-346-7894x39205
C1871486543,(558)943-3050
C511079042,001-727-906-3439x390
C1591734462,+1-760-205-6180x97841
C655259291,001-994-280-6806x58295
C492145062,(757)934-0570x32440
C1641518900,968-305-5945x4346
C1648985450,001-665-686-8995
C1448383087,+1-422-815-6547x7502
C401849338,001-235-328-1239x84926
C1752155530,+1-321-420-2666x6388
C1652492723,001-985-731-1594
C108625566,(238)236-4653x687
C165448240,286-690-9367
C812087967,001-669-618-2418
C1453638924,(204)735-7530
C1030982332,849.273.5238x62924
C628907717,001-776-678-6377x803
C192549839,001-333-607-9856x49248
C788384452,+1-535-559-3985x655
C1118649506,+1-490-334-4300x2338
C313716075,(303)330-2929x2220
C1142119330,+1-808-648-5826x00470
C1820261015,+1-659-318-8332x918
C145038503,+1-566-420-5306x97112
C1024543717,+1-662-543-8604
C511771034,(567)620-8776x8116
C1300892613,+1-692-344-2775
C1596282278,(672)406-6282x3440
C1269632250,(488)253-0423x5317
C1251364898,(419)869-2864
C121817565,+1-284-695-3478x6650
C196248895,(855)912-0831
C1020073805,+1-920-803-7789x3281
C1062230392,(590)252-6848x0536
C442037163,579-469-4897x947
C515240582,+1-621-272-3703
C945692515,465-948-8156x175
C1788614688,+1-862-418-2550x0154
C1840732362,467-439-6778x33283
C227116382,(762)951-3625x84586
C1834494460,682-259-6284x368
C199980701,675.933.3216x8926
C445652269,298.844.0064
C903082377,001-704-929-5487
C1840226881,(389)495-3752x931
C1294900585,+1-918-410-4160x4573
C167833503,+1-614-416-6572x8847
C1717728486,560.217.1610x4552
C59366354,624.315.4219x52300
C1200962164,001-357-225-6303x30896
C1087394387,777.311.2825
C200496008,001-334-679-9712x12454
C1281462640,873-327-3617
C473249,+1-204-350-8974x678
C1045725830,2935728202
C896462880,538-964-2092
C1675116464,746-353-5137
C50169804,551-502-0622
C688981659,+1-271-273-1742
C1319985290,2498369864
C1851313644,(772)351-5586
C665779203,+1-902-482-6965x53665
C1191553018,001-826-761-8120x52395
C41511043,449-737-6534
C19697526,351.691.1398
C67394878,001-253-893-5712
C668120831,8509450703
C1758604709,(701)718-8708
C1640757397,257.818.1028x516
C1004323901,(877)511-3692
C802308514,+1-713-447-9961x8815
C94717409,664-957-6019x9327
C1379962851,596-456-3695x18340
C36869063,695.359.9463
C985998797,499.801.4174
C307914892,001-940-514-1972x2233
C380101107,+1-239-976-7593x071
C168299926,233-603-5963x50970
C1092982137,6125072415
C883754077,320.791.9961x32877
C1669206046,862-650-7825x761
C1432708869,925-879-8983
C1370706962,869.460.0603
C773890759,6999522467
C1142296372,2578322842
C810795179,+1-517-494-8766x173
C457666452,522.632.5318x3381
C285171535,261.353.5541
C83729894,759-302-3901x744
C1870328268,(343)960-8591x55778
C957819774,+1-327-309-9761x9468
C592717547,+1-554-372-8668x9245
C627189974,947.873.9671x0811
C1872437296,(631)464-2832
C896087078,001-725-405-9908x74750
C1539574479,217.479.8603x57299
C278763950,721.596.5004
C642273110,250.881.8264
C2059242821,5798669716
C1044355910,(258)991-5570x818
C879712064,829-923-6769
C60259605,001-944-237-2334
C392841400,(247)513-2056x92632
C154378100,001-777-363-6019
C784613597,001-213-298-6140x674
C1658890198,733-387-1400
C406664920,(923)891-2960x54779
C959228057,5568951851
C458075458,001-312-600-9140x702
C601928063,+1-611-781-8083
C108039681,556-701-5054
C1910475638,001-421-828-8627x8247
C2060474343,2875519855
C1453424266,001-411-314-9143x253
C1147409263,(966)668-9205x52644
C854360636,(539)467-2482
C1201871207,001-725-460-1909
C1667997799,6842392853
C2033442741,949-548-6528x9414
C202123995,947-683-8143x3801
C808583035,+1-415-629-9274x6188
C39227554,(579)397-4546x00179
C1882428815,001-649-721-7113x88903
C1552100559,(365)332-9934x55336
C398459762,+1-392-841-4301x03354
C1837896609,+1-465-259-5783x6076
C614791379,248.386.2087x506
C1678529366,+1-456-583-4442
C558702268,2257446238
C293743581,(988)884-8663
C558444055,(326)223-4586x37712
C818773827,214.442.4929x852
C564448794,001-541-996-9464
C1926205323,856-915-2223
C579164608,+1-865-238-2633x789
C385638241,+1-965-946-2610x7308
C216569101,(842)564-0805
C780009839,656.977.5113
C1368498109,001-459-431-8131x0767
C1939616264,381.873.5235x917
C2099737035,(378)855-0150
C964830679,8788979308
C1109607486,838.967.6084x078
C458507841,584.448.9116
C137019624,001-838-682-8497
C1034543125,001-639-350-9975x1165
C612203719,(764)572-0735x9860
C347409275,(969)918-4516x589
C1081093934,513.945.3704
C1641485734,(623)953-2232x22085
C349726295,+1-920-751-3086x0006
C978035840,+1-239-976-7593x071
C750884671,001-832-543-7023x38393
C1877273944,599.741.0415x40912
C1509605882,335.973.3249x157
C334884897,+1-859-996-0468x6461
C1314542502,860.651.6576
C651246927,5019586680
C632994665,001-957-803-3413x35156
C1005296496,(878)825-9288
C1669216447,+1-946-525-8814
C1243399317,(466)994-0753x13861
C1514303658,(571)581-3778x60589
C264003898,206-578-3675x8742
C523646934,+1-366-269-8962x4624
C1887192166,722.321.8549
C588416504,001-792-868-1120x739
C1562067855,516.234.0490
C1903548887,(458)242-8632x279
C732831913,(668)452-8014
C1288615779,899.506.0442x5720
C1821992014,(494)354-3994
C1095343535,718.388.8865x383
C2057364305,251.303.0241x61780
C1709803141,243-465-1622
C507775792,930-337-4553
C395469963,+1-599-352-1274x246
C535214432,540-242-9081
C1324311499,932-515-6761
C1765893501,(515)975-3934
C2086757543,+1-319-286-1767x5618
C2090666983,+1-408-337-3880x079
C1245038685,+1-688-722-4985x520
C840431745,+1-947-278-5854x961
C1320862972,+1-699-569-0604x878
C1970568724,275-294-8599
C140592559,2696295956
C18084530,991-474-9880
C1292484867,977-292-4230x006
C858916941,(938)992-8978x0024
C1314893321,6337504385
C199462152,+1-714-719-6764x33001
C1913454732,001-970-520-5047x22916
C1444068801,(527)481-3370x430
C1488806132,001-698-581-9417x33320
C452428210,3836513740
C1407544116,(388)969-1652x77295
C1461269339,(836)449-6878
C1074120451,518.991.8475x33440
C2019263230,872-675-5782x559
C378976406,001-489-316-6789x081
C1956541823,312.325.0243
C388357689,+1-206-263-4511x62177
C1522458302,(391)889-5914x03692
C1848731196,532.901.7816x6076
C984172917,001-604-587-6402x24289
C2059139111,001-731-780-2931
C217746975,001-414-842-4885x2772
C1003211025,001-931-904-2954x53561
C567597183,940-521-8575x45517
C631013381,+1-221-867-2381
C1345922936,705-475-0160x68579
C1060990518,734.731.4777
C1853271632,8963395163
C1907642923,+1-860-345-0074x64937
C2086059441,(265)977-4229
C1839111225,321-627-7187x82438
C1038592270,5887305669
C1045085010,651.551.8005x61660
C547409195,4404884975
C1639897194,001-452-435-1562
C99387395,(689)346-9484x1498
C1901455242,997.231.4496
C396820290,732.817.3090
C560588574,001-851-711-2595x815
C1906223365,+1-290-419-1880x524
C2107765816,410.836.0232
C1226115543,733-387-1400
C496549093,001-996-272-4485x8806
C1344330814,001-483-240-8778x166
C2109630289,(742)554-9716x94433
C487932671,568-805-2663x794
C756624311,470-919-0027x645
C1119085931,409-996-5167x5330
C1430728693,+1-239-976-7593x071
C1658184682,974-785-9614
C436600151,001-704-929-5487
C1365341048,+1-201-355-4185
C927150222,744-273-2853x5260
C1152225986,2057763989
C858080310,679-230-7588x715
C1804484870,224.239.5592x9197
C334932686,(332)366-5522x0030
C2103989054,+1-477-365-4089x6497
C709561219,+1-930-322-6804x9727
C794686743,001-849-730-5773x28219
C338859264,001-554-712-9573
C153833710,518.527.6297x9472
C1456885052,942-447-6503
C1846874820,887.830.0441x34329
C1841646172,376-598-6955x00942
C785850729,+1-487-643-1823x60034
C1441025281,999.947.6886x78636
C956971439,555.307.8340x54039
C1399725206,648.693.0204x3536
C1715419783,(922)784-9327x285
C268444906,514-584-5601
C350045818,(408)217-8233x82385
C379284011,461.646.2685
C366743640,677.588.7767x49733
C1002270002,518.527.6297x9472
C1407362898,344-646-8880
C1775532284,(920)650-0666
C650735775,923-776-2850x016
C1558902064,549.580.1234x098
C458489810,(877)643-9615x06659
C188366207,001-334-756-1088x6602
C504491854,(564)790-8937x916
C585420440,218-753-6141
C154974434,922-482-1412x0049
C1084516051,(595)433-7725x9902
C1868180968,302.298.8766x08489
C1852373476,001-258-598-5378
C2055120401,(565)407-5295x298
C432817092,001-566-241-6525x94681
C1211863976,+1-652-335-6408
C1572576222,3078397513
C1755683034,+1-566-420-5306x97112
C1065025242,518.951.2796
C1458646977,+1-619-284-1726
C641237352,827.358.7565
C1527684537,+1-424-754-9036x991
C738720417,001-317-999-3118x79837
C1172260017,836-318-1929x850
C1440354231,(884)558-3188x3972
C288547124,825-728-5982x4819
C1136501547,+1-859-996-0468x6461
C1086172194,+1-884-666-3617x05740
C278838396,(621)911-7875x95817
C225893240,499-254-3806
C1294258064,(243)977-0541x14842
C1597731055,(259)369-5894x2817
C1707711725,+1-573-866-8527x552
C1032252113,+1-631-567-3147
C770759311,528.549.5418x9496
C56983205,443-227-0311x8064
C958943273,001-227-691-5614x9319
C1564964192,001-882-313-1034
C298596995,(452)615-9225x877
C379200795,956.894.9428
C1064006470,872-443-5260x596
C57257260,+1-466-984-8498
C1836072651,(825)894-6506
C1322772763,(354)775-8109
C1260966588,001-346-774-8697
C2063447232,001-756-881-9056x717
C1334090153,001-995-666-4463x8000
C714917940,001-332-714-9580
C1713210844,446-841-5921x1813
C978565699,001-833-852-0723x81563
C1541188548,001-583-994-4679
C790725196,001-439-723-1286
C1040877864,757-846-0199x032
C844542075,536-930-0526
C59460146,(424)696-8042
C562694063,3107039217
C1834485422,256-639-1719x3674
C1605391959,+1-963-819-8683
C221243371,355-749-8711x12223
C604038141,622.631.4864x32758
C368337429,673.831.0025x248
C152292451,(833)975-3084x2204
C1488994439,381.942.2557x3203
C1851948615,+1-221-252-7717x416
C1581692143,330-692-9478
C1450772703,330-575-8223
C71211462,(769)616-1737
C555990868,977-292-4230x006
C541962587,344.939.8586x03980
C16824728,001-317-999-3118x79837
C1679430531,617.992.1406
C372798597,(516)922-8108
C518649502,292-502-9208
C2025301443,(341)428-4076
C2027592293,487.728.4369x4762
C326080081,439.936.1719x5300
C305235319,(922)384-3915x630
C1941110211,001-609-794-7943x228
C186072862,001-478-581-8147x355
C1011274604,264.864.9155x761
C841429650,652.634.4505x31507
C2084843873,+1-293-985-5795
C675118553,(748)401-0814
C218061889,001-348-786-6838
C1525354018,277-979-3499x65171
C674595914,870-709-4453x27954
C732385919,937-260-1175x701
C1149610487,(553)255-9190x87425
C168225911,361.815.6043x25901
C965216175,001-504-544-2065x556
C2005307714,633-305-0535x148
C4670180,+1-518-758-5699x876
C728404974,828.793.8941x905
C344245881,714.781.5934x4449
C1995296798,001-618-763-3169x44493
C732900584,(288)766-8126
C1089215729,(399)311-0185x471
C341182944,2298824403
C1240494139,486-290-6734
C1786681072,+1-709-726-1622x927
C1918369566,001-499-651-1235x493
C871690794,9382075719
C1761309138,695.295.6241x58403
C1972471935,987-214-8646x969
C2008241545,001-805-236-6121x9872
C1460561660,(665)704-1830
C393438583,518.951.2796
C2144516659,001-926-479-7099
C1496341571,+1-933-342-1193
C2116937137,+1-809-756-5513x3171
C632843610,+1-739-628-1067x808
C1212410895,001-273-243-0029
C570637504,001-568-737-5067x8632
C808684378,+1-324-873-5217x9557
C971524107,443-200-4087x16882
C834976624,242.434.3385x33115
M215391829,+1-680-477-2212x30649
C1607284477,6067395836
C1564353608,+1-963-453-0042x3955
C1091768874,(462)702-3680
M290849763,511-289-0560
C823291717,+1-465-561-2841x01279
C618657299,954-911-0336
M623175144,001-839-433-8951
C366360355,001-950-501-3493x22080
C409578677,+1-844-251-4907
C379896225,7675047567
C1302281681,(203)991-5138x67660
C705120650,963.465.8504x69114
M487081598,703.643.0074x41310
M969218364,792-396-8248x086
C579157353,3696271853
C718731643,+1-317-304-4922x27800
C1178934515,001-704-929-5487
C1531623971,001-777-677-5341x0167
C526046232,600-399-8891x7814
C75671301,(603)947-5099x4104
C786997986,(311)378-4766x7741
C1308477441,7468830449
M1330826048,+1-880-639-4956x8323
C1885613878,(414)435-9454
C212080696,770.498.9580x654
C598132143,9252372586
C1163988187,+1-533-581-5904x791
C1418884586,417-221-2539x989
M2117267163,220.712.2048
M1751641542,6178427554
C645140627,001-702-594-4893x712
M1059671726,+1-224-550-3070x9598
C1975390043,(920)889-3785x417
C956338890,001-757-842-4577x33588
C1971781194,(834)673-1083
C1327824794,2192506932
M839389189,+1-827-385-6865
C358043414,001-948-359-8129x9811
M1504624467,+1-362-943-2329
C1216254870,749.391.8058x837
C1714837024,562.832.3957
C1654662784,001-358-279-2474
M1717055694,915-943-5472x5089
M1043686153,719-355-1295
C787242927,633.504.8169x0297
M77882578,426-690-4336x219
M933507080,+1-792-287-1207x82562
C1021587874,(941)735-3757
C95318372,+1-964-762-3515x31556
M946866772,438.644.8403
M1348761534,+1-301-998-2284
C148906605,+1-497-861-8579
C704312950,258.882.8302x7186
C788874634,001-737-520-2187x198
M1951402325,864.980.8194
C860929789,+1-859-996-0468x6461
M1653653617,001-539-873-3028
M182944108,(433)913-2906x454
M533921438,(740)774-0779x5316
C160609026,001-602-419-5519x2476
C1563899518,+1-883-769-6623
C508488713,(209)785-6083x0705
C1554823726,(681)980-0584
M1183610480,(785)336-7693x551
C1084012188,(295)411-1282x10549
M1265795703,403-390-3086x02168
M1684201690,546.801.3167
M1955312313,(941)717-1285x80279
M301320628,(485)600-4275x920
C1938475526,271.524.2871x130
C779506402,904.370.1183
C1015529677,865-590-2391x337
M1996394103,416-929-1465
C2142547587,451-315-1345x6715
C914957636,+1-944-810-6301x16403
M849428673,463-957-0258
C1337597412,+1-956-249-7590x22332
C1995332832,(366)650-0518x8382
C87426661,+1-231-975-0698x1241
C408688303,622-286-1679x713
C1477190619,+1-997-690-6072x323
C748382555,927.943.7052
M1250735899,+1-597-945-9373x521
C1034690288,717.845.8917
C809795627,(723)772-6829x0506
M870078784,841.925.6001
M1022031461,001-694-226-8973x81013
M956027336,(835)518-1242
M1942028884,001-608-817-6287x37963
C1403087041,768-930-1948x8148
C1761313958,(433)913-2906x454
M1124177815,001-849-369-9244x612
M743266449,(901)340-4999x31733
M2079068430,543-537-3488
C1097907228,001-386-827-5821
C170358894,(308)697-5942x6343
M210283336,431.682.3860x8473
M981647331,796.815.5924
C106303416,(396)401-4671
M369555754,952-679-6391x18267
C685696333,001-980-739-7271x1833
C1961399086,331.254.4172
C34949923,001-740-497-9574x9398
M1756029493,(400)928-2220
M926772394,(836)547-1215
C1151286694,(384)315-3986
M1819638608,+1-478-880-1198x39868
M157710685,+1-213-365-3171x918
C2085899258,652.814.2347x08086
C792102955,8295125361
C99867722,947.749.7069
M976098062,2266890363
M1530543057,268.423.5495x01760
C1643218906,001-605-339-9425x9111
M1348049534,(921)517-6905x7611
M118328816,640-551-5631
M1595492079,870-646-9267
C1689033792,(540)630-4670
C1782776914,+1-538-495-9998
C102218247,831-650-0236x247
C261821285,001-870-778-1281x950
C897735701,206.810.3818
C174532841,001-374-563-1263x36664
M906983781,+1-475-985-7074
C1990457749,(792)403-0493x473
C1478898162,001-232-872-7226x1597
M300922993,442.359.3587
M702530586,+1-204-350-8974x678
C1875697706,+1-422-762-8954x214
C903132886,282.865.6589x291
M1003264751,991.682.3400x18613
C41102216,(206)922-8252x17910
C1489116061,527-721-7005
M400743766,+1-349-969-9119x2653
C1676533255,841.592.8032x430
C1891518808,+1-354-899-9807x490
M1530234511,001-232-872-7226x1597
C1724208100,001-917-740-4656x52179
C700950869,+1-792-636-8904
C651806736,9023547076
M1298362179,+1-861-610-5517x793
C145807878,748.905.9172
C1394009782,(851)518-3458x6855
M1882783306,(827)339-1534x66602
C1996805903,637-886-5766
M1471767414,7038820042
M1610300123,(243)670-0625x978
C1109678983,+1-619-615-5408x575
M716959429,9915227775
C1957675734,755.782.4852
M227579288,001-707-679-0529
M1295606785,941.744.5483x63532
C262891082,+1-699-569-0604x878
M888843538,+1-859-996-0468x6461
C1886475823,618.471.2986
C353782565,518.951.2796
M1230436756,368-590-3270x243
M563268470,4535426676
C1515536749,(768)277-0066
C822214416,+1-412-262-9365x5535
C472295300,6662201392
M1953778756,(853)617-5114x46133
C1073161843,803.691.1515x007
C410567421,678.607.1113x00405
M1177905091,(464)249-1279
C1384939011,(723)772-6829x0506
C892045919,(797)953-6463x61655
C1737895165,209-230-6355
C1786396642,+1-218-519-3761x962
C179208025,+1-566-420-5306x97112
C136356616,(713)777-0956
M961418448,767.635.5904x2762
C907487997,630.464.1841x204
C2073353441,625.878.0060x22026
C1264872013,765-900-7288x6989
C271588719,+1-259-767-9596x9978
C237467600,236-854-0577x94990
C980072701,4217057113
C2058567676,+1-806-745-5540
C57541900,001-999-399-7953x37361
C27127579,623-344-7436x4780
C463376666,001-511-491-3221x1750
C1335226346,+1-902-509-5916x21921
C1895269207,(680)699-4947
C1880058411,+1-747-836-2241
C1665448501,(392)453-7848
M1313111844,324-368-2628x8433
C1117382784,(977)604-5977
C2146730126,484.628.7830
C280794150,482-863-5201x41995
M1449664957,001-716-920-9048
C1383678621,790-520-2341x107
M1309446387,+1-888-986-8091
C550754064,518.951.2796
C2059762056,699.206.3490
C1908106443,(351)354-5915
C71562765,9542358765
M848116774,470.354.4205
C352607904,278.689.3875
M2113537778,001-966-422-5423
C2002792683,935-592-2344x07522
C1728460906,+1-606-786-4713x26507
C2146875526,001-340-461-5355
C381600260,587.637.5443x345
C1575083932,4385396551
C158242145,+1-981-612-5760x76216
C814784749,675.369.8569
C453039491,254.977.6706x434
C968695097,(285)279-9355
M8961529,703-826-0528x7121
C94238070,535.665.7712x166
M1131873222,(779)228-6937
M1646382835,+1-649-393-4289
M703071544,+1-291-645-1465
C533887341,272-243-1067x89861
C615345603,(245)829-0982x7613
C97617767,001-532-421-8456x242
C1122394266,+1-886-774-1405x236
C743500120,+1-747-949-8906
M184735125,001-268-908-4684x47219
C1881669628,+1-624-635-7854x45599
C1727221386,(324)550-8579
M1933926398,806.967.3364x027
C1373973293,426.471.8107x3321
C726198580,001-652-725-8099x206
C256865139,995-531-6917x080
M1991416,656.479.6974
C327341526,661.530.3452
M1309930156,494-454-4477x015
C265777076,001-753-516-9052x383
M1695671000,430.222.9298x8333
C974768731,(846)994-3717x6199
M1527627185,614.767.4738x391
M1374852383,+1-218-663-8826x4452
C1121802556,(643)634-5057x876
M698251819,890-517-0173
C1904483493,799-752-7388x3153
C2136570309,+1-605-802-0090x591
C1300578648,(880)513-9628
C922807181,833.857.2616
C1755130739,2925850364
M1662786733,+1-213-365-3171x918
C1210180003,4056464741
C58016175,(914)768-2182x4662
M2030050716,001-370-945-2310x636
C1377074488,+1-863-708-8676x623
M1911445805,(612)718-0076
C850683997,416.642.6190
C274824257,(227)971-3112x801
C1378537795,+1-238-936-5532
C580319947,408.212.8223
M300081380,752-299-5721x219
M317737019,733-658-7466
C1939378466,001-414-920-9312x884
C407792911,001-967-222-5927
M2011269895,947.844.2469x244
C193625667,435.996.6040
C1698289399,638-249-8913
C538113947,+1-568-512-7381x8529
C61031593,001-779-955-8716x1273
C45958213,001-736-617-4194x0005
M1629378206,+1-724-860-0549x3385
C1622552473,(430)724-4164
C545660061,+1-566-420-5306x97112
C1234632255,(541)897-0265
C1514199309,648.693.0204x3536
C1837241611,534-327-2017x78468
C1293949664,(510)319-4693x7839
C1939084847,(626)884-7587x608
M1435742536,309.660.7332
C1891826460,981.961.3127x79819
C644421104,514-705-9050x3263
M2080924806,611-885-5549x422
M17092044,410-207-0916x5048
M830219798,+1-799-724-7047x6406
C1905045732,001-516-992-9692x265
C1664754826,(882)888-3144
C1440200379,(802)858-0243x1503
C2074710753,648.693.0204x3536
C1631252583,557.803.5763
C773052859,(433)913-2906x454
C2085820540,(266)658-6156x08980
C1790242902,(479)650-6555
M1625741812,545.388.7685x29274
M1798263689,(890)943-5583
M610095315,(551)686-4492
C1362782214,(364)336-6140x5769
C539360430,001-898-607-0875x72223
C1798276972,(706)483-8954x012
M364965509,001-561-215-5338x879
M897474644,317.661.2888
C1702939487,642.570.8347x341
M1072291811,001-804-400-3852x8072
C559367869,+1-213-365-3171x918
M1768343139,001-739-981-8033x704
C761150919,+1-383-233-3565x566
M1816242792,001-744-453-0780
C1512413377,(404)500-9227
M1243910048,(412)607-8980
M741336750,488.967.9355x4753
C1475593328,970-679-4757x221
C1512228906,001-608-817-6287x37963
C277058199,+1-748-940-0138
C663360097,001-335-378-8778x42842
M1177544744,(810)208-5467x98277
M633940431,644.390.1448x507
C689421716,(935)344-6410x4224
C1917869329,500-916-3340x78063
C859222722,8976954351
C1060552727,(455)330-0655x8738
C812068864,292-799-6933
M1967390182,6585741600
C1340912150,371-752-4511x309
C1338973810,(633)844-7738x454
M750457778,629.213.1768
C1386681141,(340)865-8064x1872
C1175208170,874.208.4915
C1265009796,001-364-538-7809x617
C1152204188,(313)734-2552x467
M628249863,001-522-311-8931
C382073873,001-602-580-8922x78982
C613128565,(412)762-9178
M1631103685,(710)525-5899
C786631574,001-986-736-7298x96161
M853666510,8494533708
C366268744,443-794-1876
C845738361,+1-322-347-8718x25515
C696129952,976-607-5978x1877
M643846034,2168715684
C188307334,929-642-2349x8036
M1929470346,437-989-4612
M1998016541,629.213.1768
C1632482295,001-483-319-0842x29170
M1324449999,001-604-587-6402x24289
C1167066016,001-405-314-9161x13896
C1915028592,454.636.7929x6840
C242522092,+1-372-276-8703x498
C1795342784,773.603.8109
C1892867454,001-232-872-7226x1597
C1346317033,+1-255-774-7014x1089
C1289700186,(420)253-4444
C1683549373,505-626-0773x140
C2054033195,8064575522
C1894379581,512.935.7449
C1636809566,+1-431-514-9430
C381329398,(540)485-2964
C272283941,2248109983
M34592661,576.680.1861x009
C939322176,+1-590-456-7893x5786
C662936276,751-655-4225x367
C507662577,+1-213-518-9261x7765
C289827146,5786241876
C265311387,673-678-6801
M1667812216,001-565-611-9470
C1219369531,001-608-817-6287x37963
C1188470325,(682)931-9860x19054
C2104590009,001-930-951-9739x17359
C817067859,(458)242-8632x279
M1900051947,305.618.0200x7030
C478451650,+1-994-725-6683x41113
C1308018080,+1-204-350-8974x678
C1027773814,001-508-482-0865x0955
M1145370021,984.331.5786x3128
M2143644128,939.698.5825
M1901970472,370-799-4617
C1740265449,001-295-346-7894x39205
C1550551160,246-315-8545
M1247892773,924-462-1213
C498972208,001-537-962-7394x22438
C1011419007,261.225.3758
C37924170,2748398198
C58470057,648-634-2401x84507
C219537637,666-999-0138
C1521781395,001-245-988-7120x73428
M851408374,+1-524-822-7697x5015
M1310549886,327.905.3587x06083
C879329312,834-730-9121
M1397461092,803-747-6814x0812
M2000728377,(487)212-6479
C503230706,6902311859
M2038676348,2438417760
C1351115755,001-993-455-5315x14093
C503053253,(571)299-5519x874
C1446632765,001-462-972-3108x1086
M238502720,570-258-9933x14237
M280407292,+1-271-639-3981x198
C1039401817,+1-659-537-1617
C857726609,(728)941-3038x234
C1861227714,+1-642-913-4876x18644
C685698602,001-295-346-7894x39205
M465797053,(786)604-3176x49911
C1555061975,994.923.9496
C973743007,(928)800-8003
C1324177979,+1-307-670-0819x497
C463762904,001-549-755-8229x656
M489353970,(268)898-1594x62231
C1573602738,+1-387-879-5840x7777
M962639355,(215)362-7262x5313
M1912998981,(502)846-8227
C566427967,001-652-617-6825
M68565807,+1-471-379-7288x782
M575205576,+1-844-920-6699x5127
C636138265,001-789-576-6369x530
M1695213463,001-398-274-8474
C968882805,001-704-929-5487
C500703366,001-712-303-2747x299
M2075139564,452-487-3668
C1378233097,9772460479
M481468850,(663)745-1683x197
C1514794352,001-296-756-4025x1865
M725888020,566-901-0583
C1588957891,705-732-6121x14078
C1938409896,7547546061
C656370020,001-225-358-6531x50168
C276191877,(433)913-2906x454
M1832370665,968-239-2109x5452
C1662898073,263.251.7102x37055
C1650704471,+1-813-794-9735
C1519845212,632-443-7420x1388
M1416107091,+1-312-927-3028x389
C710342888,001-502-725-7945x246
C671337546,+1-981-524-3573x173
C221754843,(894)383-0888x40239
M1895691230,275-658-3664
C271575221,+1-570-958-7308
M1411035807,001-534-881-3030
C708211451,648.693.0204x3536
C746609581,+1-828-570-0070x092
C1297505300,(706)832-2577x55920
C1429968288,610.457.1209
C425492546,001-385-729-3876
M70000857,+1-644-479-1972x28219
M882272147,(557)894-5555x303
C857365378,221-898-9120x90898
C1602128458,639.684.6882
M318934800,+1-759-586-1157
C691838055,+1-730-640-6573x68954
C1961424733,(708)346-3740x048
M72606899,642.891.5401x2007
C2082326073,(935)612-9459x27350
C1284730927,001-658-606-1954x4234
C157591472,511-915-6004x28253
C1792808381,864-432-3785x66354
M537397999,499-515-8123
M8336625,290-229-7897x64228
M2111824551,465-599-5221
M320891926,(358)625-6241
C402262184,9502080490
C1692832856,544.729.3003
C1181681250,520.614.3845x007
C172475290,9922148322
C753298852,733-479-8533x219
M1753025523,433.786.3431x176
C1286928684,001-830-807-4872x005
M782997951,(409)589-3152x261
C1399458580,648.693.0204x3536
C699453810,+1-699-569-0604x878
C1262011052,648.693.0204x3536
M703180768,(209)377-4872
M727473563,909.808.8560x19568
M741223780,+1-681-514-2067x47849
C1697147324,251.973.2100x523
C1043731023,862-771-7902x0131
C2012864987,001-802-477-0733x040
M1241484709,(923)451-5028
C1439366836,839.958.3128x55981
C592093707,+1-879-802-8774x466
M414554241,817.695.9189
M1048655542,+1-375-745-5764x7774
M20923479,+1-713-986-7183x14117
C1970702528,001-844-306-8912
M944416080,863.541.7369x73433
M1728022128,+1-685-873-7159
C1047773674,(723)772-6829x0506
C1645778736,740.434.1192
M531725823,356-858-2190x313
C1305009774,001-512-474-0368
C216592405,568-703-4266x95215
C250343810,218.945.3584x629
C2103889084,001-385-546-4407x3554
C85010535,446.650.0323x76831
C1837095482,(559)379-2500
C2076351339,001-762-849-1900x2609
C683138717,001-859-423-8545x3476
M510682926,246-772-4507x985
C876071903,655-250-5915x10677
C321717015,+1-585-684-9150x980
M979933234,001-564-630-0628x14894
C471450373,001-855-857-1573
M877647877,275-274-5126
C83179166,977-292-4230x006
C1362453499,(891)794-6451x17589
C1584838894,204.499.3367x35092
C890377362,(226)242-7365
C1356915369,332.560.9807x702
C109775032,348.853.5338
C447070962,+1-799-724-7047x6406
C1560501002,(792)480-2290
C1858926350,403-622-7231
C1646096543,(412)572-1518x026
C308067528,001-704-929-5487
C2111561670,985.202.1251x7978
C1824264467,427.726.1080
C1808866632,629.213.1768
C2133414706,(492)210-8497x2854
C1172704377,001-751-912-4366x79162
C2020860569,+1-276-487-2807x81680
C1582426917,733.618.3394x0660
C1754142396,001-428-690-9581x381
M790244937,525-811-1927x17324
C1190131047,956-352-7729x2370
M722510812,+1-776-851-2670x1087
C320737482,(677)888-2227x4668
M895431242,283.340.1019x4289
C250012975,(258)482-2100
C796091198,+1-877-583-2169x0792
C266220697,836-233-5412x104
C958953991,773.548.3279x0415
M813735378,+1-792-362-1770x492
C1941916202,263-970-0071x0607
C650035806,+1-730-735-3010
M324342131,(235)398-3464x36564
C1283374857,+1-376-388-2583x874
M684850051,5687101897
C339470009,799-358-3493x541
C1577025186,+1-709-563-0264x781
C2077576601,(582)418-5956x2906
C424825750,(615)910-3698
C100195995,+1-786-371-9139
M4347320,001-934-306-2863x64579
C1975918135,380.371.2934
C739880811,(520)250-6920x78696
C1069968715,(273)635-2563x5073
C1601205723,(259)563-2199
C312713305,203.882.6665x17464
M1682408611,001-444-760-1016x8152
C1064868912,+1-213-365-3171x918
C846135284,(559)768-6327
C549139955,+1-349-687-2672x5357
C329456197,919-561-0111x531
C1742467356,(599)308-1698x844
C167175733,954.809.0204x4374
C1167337612,(279)414-8433x9729
M818025487,9485059803
C369284896,397.954.9177
M736920118,(636)545-4325
C639921569,251.880.6448
C912095413,001-880-310-2603x3642
C1076385632,373.576.7059
M1484695868,633-396-7914x6495
C2009093032,+1-656-756-0484x20037
C1190332895,001-382-801-9778x7124
C75404027,915-906-0185x4373
C1737413597,001-666-981-9331x595
M1458926839,721.628.1326
C966018940,401.874.6404x5979
C1138817531,4582267267
C2140029833,593-573-5731
C403203523,(463)481-3242
C1108671624,3835064848
M166585974,(434)591-7632x552
M264879465,667.908.6777
M731968202,001-526-273-5012x598
M479987559,930.558.2922x989
M1902361050,513-744-2911
M1780037453,+1-443-789-5839
C2036424709,(946)250-0911
C309183527,(910)390-1135x8564
M122928567,(699)586-7676
C256176620,226-822-3583x105
M889368019,264.881.1994x4635
M677096722,354-416-6140
M1056990134,733-387-1400
C640592977,(637)263-0436
C1961646906,4683996402
C1436705538,795-297-2360
M2014963892,792.655.5955x695
M1341078498,733-387-1400
C976164557,+1-806-818-6422x965
C1450150251,(794)382-9482x651
M142342905,(283)862-4162x6709
C267932530,(945)875-1410x10426
C2009082452,439.428.6775
C238668530,+1-811-853-3314x9148
M341944859,001-264-708-3624x204
C836249110,+1-442-443-7124x715
M1542222765,582.978.2070x1683
C1540321401,+1-632-645-9494
M1348089788,315.999.8634x3445
C1657041838,505.927.4066x957
C1956457360,(838)599-4285
C315161875,794.461.9635
M601174739,001-947-785-3748
C2041008409,306-228-1126x0379
M1016860656,997-246-6312x39436
M1901773897,001-778-863-1277x04422
C1814743278,001-317-999-3118x79837
C276147479,371-680-3032x40974
C1239031261,+1-955-678-7875x2507
M1726028995,764.208.2517x997
C1878593739,+1-425-214-0375x30555
C1200754697,586-351-0027x472
C1143329943,(882)330-9691x6709
C952595667,(216)223-6099x549
C1520594719,546.236.5304x6615
C1797919997,(566)382-3990x9120
M304191532,(226)616-7866
M1512096412,+1-213-365-3171x918
M1853307520,001-295-346-7894x39205
C988705496,760-701-5127x89636
C1714938931,001-786-915-6169x93478
C1795131625,(887)316-6847x0534
C1959559159,+1-748-789-4144x013
C74288440,(931)320-5646
M2032504797,(710)411-3112x171
M1449288962,(946)552-9485
M1327733366,421-487-7725
C946186798,586-355-6466
C912976721,001-813-315-4434x5995
M195635213,7994489198
C184254704,(664)938-3706x98430
C1366589403,001-317-999-3118x79837
M847653440,+1-859-996-0468x6461
M76826899,001-642-332-4474x06808
M33416945,+1-882-572-1549x23915
C838948978,+1-582-316-4821x82811
C1688594310,+1-352-554-5402x7193
M1974943259,001-490-430-4451
C620902860,521.212.9557x5780
C296562338,866.765.6275x75568
M1468475221,942.702.5537x0592
M1552518432,5668571865
M260804472,5108376038
M2110507332,+1-857-588-7914x74303
C1701136497,666.839.7218
C1607721978,(634)912-5148x25098
M1525865742,546-935-2054x5185
C541258645,(383)446-0977x2024
C1370209618,(499)363-7610x7626
C2055980315,(900)411-6246
C762759570,728-585-9262
M1794508515,(614)379-0203
C1722883468,(778)999-9039x99919
M284183932,422-586-5936x455
C730350455,7058696785
C1752591265,4419744882
M436090088,507-980-2938
C1169315321,001-262-628-6027x02463
M309983713,+1-663-840-6004x67676
M513329048,+1-242-862-4299x669
C2128645176,(534)736-3304
M55629029,(566)947-4602
M506254328,001-992-535-4618
C1126814500,(251)828-7402
M980968102,(312)313-5367
M1697723026,+1-884-306-9277x3683
C2120042081,896-932-1353x90494
C599174068,5376587772
M1840316250,(281)335-1074x0503
C1886795573,(991)796-0272x24263
M1919208957,(687)247-0362x76433
C1132494342,(280)442-8795x55258
C1196905443,(411)555-3547
M341475077,4987886719
C38045322,(683)748-4531x0728
M921297051,+1-507-271-5553x619
M197479812,929-797-2109x98856
C1524242530,001-558-909-8555x28557
M302528498,+1-253-311-5816x41958
M1629240136,(711)727-4793x30064
C180037483,2757986086
M1254241532,(577)926-3288x705
C431416986,507-610-2790x63728
M614412510,4582466768
M582886129,+1-686-798-2595x620
C795840871,8265083506
C252721565,(671)575-4566x14894
C895280782,(643)318-3853x760
C919306039,(649)416-2014
C536178983,7883563411
C387620559,001-710-346-5143x80598
M1251497592,001-555-493-3239x2339
C537985281,2378805136
C1917025677,811.968.9591
C1142488685,733-387-1400
M358490766,8763749471
M120528091,+1-732-421-2627x2939
M1875174082,(698)652-9572
M1947352977,325.832.4540
M1586976811,375.355.3435
C1323211235,366-550-1369x897
C1099787699,(428)641-2110x682
C1327330940,878.348.0485x6031
C364393564,9435086270
C2104507826,001-473-675-4892
C1921034805,7459343859
C97725839,342.961.0241
M1720731478,+1-699-569-0604x878
M1583480606,001-842-529-3345x5796
M989897532,001-232-872-7226x1597
C1554565380,+1-353-970-0610x4416
M1937389829,584-384-1262
M753756804,001-598-892-0868x022
M532832544,605.575.8517
C1981355984,(552)429-2478x61918
C2097436909,001-749-374-5094x5856
M2011283784,001-502-385-8050x193
M817298798,764.640.7952x06781
C1424731356,001-629-946-3444x08218
M242468230,262-295-3217x699
C1063606307,912.618.1426
M534433075,853.467.2431x40575
C276022566,518.527.6297x9472
M1720336056,654-360-2831
C934853509,+1-402-211-1664x14246
C120530536,(244)432-9508
M2135168858,001-367-561-7128x54742
C1552999158,7489453709
M83704613,949-797-1550
M441200211,(261)944-4860x36914
M1552301249,(308)806-3039
C1875583711,282-732-1799x890
C59901056,529.487.4688
C1546411648,515.751.0736
C1629738129,(578)249-4091x375
M1791047024,(570)476-7683
C545990664,(859)905-9741x4267
C608175647,515.213.7725x85350
C1752310930,4414757939
M928785513,814-921-6768
M1272263978,+1-366-833-1330x040
C1601457862,001-211-281-8224x284
M1031351666,001-838-705-0053x708
M1715179818,(212)484-6251
M1297696354,001-604-587-6402x24289
M1813357056,384.731.2283x4715
C202220325,(887)767-2888
C332975274,001-867-532-0601x678
C1742020302,473-646-6079
M1155934536,788.676.9110
C1874170461,(372)656-2672
C1554717982,(647)239-4212x46419
C1408403777,536.357.3337
C1578335459,+1-978-790-7638
C1266618319,(689)655-7646x8480
M1089064134,+1-888-486-1555
C1885720523,574.671.7524
C958135309,+1-768-408-2183x566
C1807595570,745.792.7798x21275
M968646830,381-818-8333
C2087913014,999.751.5968
C1837815693,613.900.4203
C1414238160,+1-220-472-4187x321
M1084510265,795-900-2666x76299
C894029815,518.951.2796
C161452758,699.432.5894x09930
C1786726575,+1-797-255-1894
M1009443247,001-307-912-7343x69265
C1448209839,748-343-9655
C1050209890,709.358.5891x0012
C1844464656,893.358.8713x55985
C1038794885,355-458-7139
C897561978,001-645-536-3059x91197
C1702511699,001-582-268-8846x8033
M1559048810,001-317-999-3118x79837
C486032428,+1-699-569-0604x878
C1745551276,884-891-4920
M1009582522,(723)772-6829x0506
C105191836,605-747-7045
C407027765,(646)772-5163
M309846016,7529764441
C1554865197,688-564-0536x22646
M826211005,413-707-3665x36462
C272906785,372-522-2089
M666312528,589-451-4492x86828
C1343600598,961.396.1484
C367480953,310-813-2196
C1372792336,7508269197
C1510815107,+1-250-725-0908
M826814298,+1-846-524-4359x641
C60796535,899-208-5783x728
M1757715893,+1-369-349-3443x303
M1399567910,288-455-0180x838
M445415503,(295)815-8767x710
M2066285130,001-585-734-2837
C1715795933,(206)906-4874x60533
M675935392,223-326-0501x135
M1132129821,872-882-0019x7368
C1163480574,2598192195
C251198050,+1-344-745-3084x032
C700110554,001-399-318-4752x27704
C328285138,787.513.3892x48986
C955495895,8055508939
C1636966593,512-967-4225
C243962745,001-904-933-3213x3296
M2145627891,001-418-341-9003x147
C1263845074,+1-532-622-4696x7366
C490502479,393.370.9828
C1092216719,823-576-3354x34491
C888149804,629.213.1768
M482191659,001-565-461-7228x1549
M2109208464,223-629-3653x7182
M1264123258,+1-637-322-5291x544
C2051838713,+1-758-784-8028x27312
C960042363,532-469-4304x421
C2036145847,+1-995-581-5928x879
C1318760879,(458)242-8632x279
M602768530,500-216-1494
C317930384,+1-627-359-0625x77660
C1200294148,819.805.6497
C962675437,+1-307-512-6029
C409003233,+1-373-592-9415x19674
C236686256,001-269-539-7074
C638759306,979.729.6100x52778
M413616641,+1-204-350-8974x678
C447333524,865-226-0178x52682
C1828852445,512-551-7668
C1724402684,001-819-258-4974x48411
C801207885,749-444-2877x86310
C87134580,+1-859-996-0468x6461
C2145418274,9035840539
C1461690304,(931)759-5613x032
M1939409738,(578)268-0709
C1178234851,+1-383-992-0201
C1721459506,(541)407-3916
C591155970,(313)525-5894x3192
M1851160182,(994)797-1325
C665603498,(245)593-8781x7467
C1970969957,+1-799-724-7047x6406
M1305736553,518.951.2796
C578219606,861-543-0560x941
M1741355595,001-836-393-9144
M187602231,001-899-727-6468
C2967677,873-849-1324x032
C95566755,+1-686-798-2595x620
M529201843,727.200.6909
C1396319605,001-764-489-8332x86575
M1259581007,001-503-756-6106x302
M2053750368,001-604-587-6402x24289
C168537290,(723)772-6829x0506
C1629720592,(457)515-3798
C1747916253,001-988-552-7747x5993
C948832044,+1-334-522-3327x867
M1618793645,728-649-9966
C2064003803,+1-213-365-3171x918
C598476384,(526)858-9695x37908
M189174727,2263677921
C1456485148,+1-427-432-6568x7463
C1252648350,579.388.5289x855
C403023318,838.249.6355
C1760886989,(874)253-2031x885
M1279448422,+1-799-724-7047x6406
C281891530,943.535.8139x0277
C2002068763,(367)877-1873
C200227681,695.686.0869x674
M958615584,8577527464
C719119378,316-564-8676x708
C228825613,(358)200-5588x2409
M1523988830,2382744218
M466167889,258-293-3468x57715
M560305910,7667099891
C1560450567,6672527614
M1944060431,593.835.3562
M1148569236,001-728-882-9252
C2058049748,7453685179
M1841159272,(691)616-1239
M781236350,001-847-841-0855x26497
C1521529243,768.259.9559
C863327515,8843119893
C387508991,+1-239-976-7593x071
C1704323890,001-424-239-7400
C1681878279,229-265-0300
M205390665,001-398-399-9080x168
C1573847723,269-714-7000x0244
M328563147,336.776.7895
M32228944,406.633.0050x68148
M586554452,608-640-5404
C1637274915,2766428633
C485598602,(236)245-5071x5274
M856199666,001-959-919-6691
C1843448114,564.880.4906x984
M1687508638,+1-498-257-8372x09696
M222369068,001-308-486-0726x697
C18996450,(505)352-9386x124
C1748603513,+1-433-226-3011x134
M563631270,566.307.7668
C1827805764,+1-976-855-3214
C1643666059,434-875-9334x6084
C2117025870,845-507-7623x65563
C1639940638,(721)810-1840
C1509287078,+1-541-362-4137x26285
C672281868,939.422.8732
C1777706309,762-296-5389
C2076405907,498.721.2591
M1438191043,+1-751-228-5853x59121
C828985995,7633787354
C513339905,+1-483-301-2477x6959
M301149088,881-208-3485
C1664823354,(942)276-7578x0133
M2142280191,(907)415-8271x8068
C1107490681,+1-799-724-7047x6406
C769528997,001-457-729-5727x41573
M1635083820,(762)641-7807
C1350369613,(419)312-8977
C1067814107,569-638-4819x84350
C1036941503,001-826-495-3880
C10265850,645-791-4835x1289
M1579614317,001-568-901-3765x7123
C1179955657,518.527.6297x9472
C1335009677,001-833-989-0572x8475
C2067287568,001-868-834-7959
M1159548685,001-295-346-7894x39205
M1911455980,731-936-3959x631
M157235785,001-364-293-1443
C701391093,7665182904
M394013010,582.345.0280
C1862265469,(783)568-4720x4186
C155747336,001-630-579-7981x4240
M810927595,717.745.6684x57502
C210224250,001-569-893-7887
C1920522237,4144488165
M1190451085,(996)834-6237x4063
C1999323505,967.817.3807x801
C1973054830,901.259.1804x80181
M212425320,001-269-303-3786x623
M1857513878,333-865-5347
C244684090,001-614-969-8238x9819
C724595147,413-874-5887x71553
C1949013650,(640)408-1944x384
C166838725,651-768-3168
M1195165525,801.672.0449x59854
C1326165595,(668)540-5539x70687
M1197274331,377-861-6655x677
C737969496,001-604-587-6402x24289
M1817924296,+1-799-724-7047x6406
C374769756,982-485-4619x56062
C1238956402,001-429-509-8900
C1246929314,+1-679-215-3696x4896
C289358776,001-391-395-9370x73633
C2020659135,917.238.8907x2550
M2032368838,+1-993-953-3703x67889
M1525769965,760-201-4088x3928
C1321468037,+1-566-420-5306x97112
C1971426387,657-263-2230
M1650963180,+1-467-369-9883x4746
M568900009,211.479.8839
M87538348,001-295-346-7894x39205
C1991825762,001-275-911-5533x71200
M966707259,(366)632-9890
C1318550066,(616)566-7168x104
M378847876,001-269-694-7975x793
M2105926898,351.962.0338x2149
C1895508311,+1-766-957-4687x4447
M1730886723,+1-437-493-5517x26172
M1277938699,+1-318-841-7557x977
M305158987,+1-782-709-2207x1802
M1818636247,619.662.9777x6781
M2002498413,+1-741-243-1915x2294
C568904482,(390)806-7323x15771
M1987120586,+1-219-353-0857x8460
C1928461022,845.798.8731
C646513637,6346249483
C152956833,695.430.8392x5969
C1971071921,765.442.1106x9482
M1018003181,992.546.2643
C1501236527,(308)608-2573x36267
C1531350213,695.204.4785
M452881409,584-761-3955x31696
C1003280340,629.213.1768
M1451592360,574.997.1672
C976936495,(289)926-3141x7675
M1660251994,+1-985-805-2936x19526
C1298799712,001-779-379-3133x602
C577718811,+1-830-464-9865x247
C990967636,+1-287-919-0859
M22596562,(301)296-9517x807
C1473694873,+1-420-926-8987x201
C1668936313,(675)550-5498
M713304613,795.285.1351x655
C1847272950,778.889.8983x70025
C1856256614,001-310-221-6636x040
M294962410,(648)844-6426x853
C61049773,(590)540-3235x294
C1582485680,001-280-328-1345x549
M1447720230,803.914.5134x876
C790810719,001-612-496-2141x129
C589380941,001-532-207-8362
M1710979359,+1-284-308-1507
M1200681466,522.758.6769x072
C1650510410,764-498-3368x17426
M447852790,(690)363-3588
M779990944,001-803-505-0139
C1708124424,318.246.2452
C696837041,001-658-661-9364
C2064715630,491.297.4025
C1112861184,+1-399-441-2935x3363
C10007424,703.286.0334
